id,name,description,risk,category,area,source,docs
audio.disable-beep,Disable System Beep,Disables the hardware system beep driver (Beep.sys).,Safe,Audio,Registry,WindowsOptimizer.App\Services\TweakProviders\AudioTweakProvider.cs#L22,Docs/peripheral/peripheral.md
audio.disable-spatial-audio,Disable Spatial Audio,Disables spatial audio for low-latency devices.,Advanced,Audio,Registry,WindowsOptimizer.App\Services\TweakProviders\AudioTweakProvider.cs#L60,Docs/peripheral/peripheral.md
audio.disable-system-sounds,Disable System Sounds,Clears the default sound events for common system sounds.,Safe,Audio,Registry,WindowsOptimizer.App\Services\TweakProviders\AudioTweakProvider.cs#L72,Docs/peripheral/peripheral.md
audio.show-disconnected-devices,Show Disconnected Audio Devices,Shows disconnected audio devices in the sound control panel.,Safe,Audio,Registry,WindowsOptimizer.App\Services\TweakProviders\AudioTweakProvider.cs#L47,Docs/peripheral/peripheral.md
audio.show-hidden-devices,Show Hidden Audio Devices,Shows hidden audio devices in the sound control panel.,Safe,Audio,Registry,WindowsOptimizer.App\Services\TweakProviders\AudioTweakProvider.cs#L34,Docs/peripheral/peripheral.md
cleanup.background-history,Clear Wallpaper History,Clears the personalization wallpaper history registry entries and cached background files.,Safe,Cleanup,Cleanup,WindowsOptimizer.Engine\Tweaks\Commands\Cleanup\ClearBackgroundHistoryTweak.cs#L14,Docs/cleanup/cleanup.md
cleanup.component-store,Cleanup Component Store,Cleans up the Windows component store (WinSxS folder) to free up disk space. This is a safe operation that removes superseded components and reduces the size of the component store.,Safe,Cleanup,Cleanup,WindowsOptimizer.Engine\Tweaks\Commands\Cleanup\CleanupComponentStoreTweak.cs#L14,Docs/cleanup/cleanup.md
cleanup.delivery-optimization,Clear Delivery Optimization Files,Deletes Delivery Optimization cache used for Windows Update P2P sharing. The DoSvc service will be stopped.,Safe,Cleanup,Cleanup,WindowsOptimizer.Engine\Tweaks\Commands\Cleanup\ClearDeliveryOptimizationFilesTweak.cs#L14,Docs/cleanup/cleanup.md
cleanup.directx-shader-cache,Clear DirectX Shader Cache,"Clears DirectX and vendor shader caches (NVIDIA, AMD, Intel). Shaders will be recompiled on next app launch.",Safe,Cleanup,Cleanup,WindowsOptimizer.Engine\Tweaks\Commands\Cleanup\ClearDirectXShaderCacheTweak.cs#L11,Docs/cleanup/cleanup.md
cleanup.disable-reserved-storage,Disable Reserved Storage,"Disables Windows Reserved Storage, which reserves about 7GB of disk space for Windows updates and temporary files. Only recommended if you have limited disk space and understand the implications.",Advanced,Cleanup,Cleanup,WindowsOptimizer.Engine\Tweaks\Commands\Cleanup\DisableReservedStorageTweak.cs#L14,Docs/cleanup/cleanup.md
cleanup.eventlog-{logName.ToLowerInvariant()},Clear {logName} Event Log,Clears the Windows {logName} event log. WARNING: Logs cannot be recovered after clearing.,Advanced,Cleanup,Cleanup,WindowsOptimizer.Engine\Tweaks\Commands\Cleanup\ClearEventLogsTweak.cs#L15,Docs/cleanup/cleanup.md
cleanup.font-cache,Clear Font Cache,Clears the Windows font cache. Use this if fonts are not rendering properly. The FontCache service will be stopped and restarted.,Safe,Cleanup,Cleanup,WindowsOptimizer.Engine\Tweaks\Commands\Cleanup\ClearFontCacheTweak.cs#L14,Docs/cleanup/cleanup.md
cleanup.internet-temp-files,Clear Temporary Internet Files,"Clears legacy WinINet cache (INetCache, INetCookies, WebCache, History). Used by Explorer, old Control Panel, and some installers.",Safe,Cleanup,Cleanup,WindowsOptimizer.Engine\Tweaks\Commands\Cleanup\ClearTemporaryInternetFilesTweak.cs#L11,Docs/cleanup/cleanup.md
cleanup.memory-dumps,Clear Memory Dump Files,Deletes BSoD memory dump files (MEMORY.DMP). These can be several GB in size.,Safe,Cleanup,Cleanup,WindowsOptimizer.Engine\Tweaks\Commands\Cleanup\ClearMemoryDumpFilesTweak.cs#L11,Docs/cleanup/cleanup.md
cleanup.prefetch-files,Clear Prefetch Files,Clears Windows prefetch files used for application launch optimization. Files will be regenerated over time.,Safe,Cleanup,Cleanup,WindowsOptimizer.Engine\Tweaks\Commands\Cleanup\ClearPrefetchFilesTweak.cs#L11,Docs/cleanup/cleanup.md
cleanup.product-key,Remove Product Key from Registry,Removes the Windows product key from the registry to prevent theft by malicious code. The key can be reactivated if needed.,Advanced,Cleanup,Cleanup,WindowsOptimizer.Engine\Tweaks\Commands\Cleanup\RemoveProductKeyTweak.cs#L14,Docs/cleanup/cleanup.md
cleanup.recycle-bin,Empty Recycle Bin,Empties the Recycle Bin for all drives. Files cannot be recovered after deletion.,Safe,Cleanup,Cleanup,WindowsOptimizer.Engine\Tweaks\Commands\Cleanup\ClearRecycleBinTweak.cs#L14,Docs/cleanup/cleanup.md
cleanup.shadow-copies,Clear Shadow Copies,Removes all shadow copies (volume backups) to free up disk space. WARNING: This permanently removes System Restore points and volume snapshots.,Risky,Cleanup,Cleanup,WindowsOptimizer.Engine\Tweaks\Commands\Cleanup\ClearShadowCopiesTweak.cs#L14,Docs/cleanup/cleanup.md
cleanup.srum-data,Clear SRUM Database,"Deletes the System Resource Usage Monitor (SRUM) database which tracks app, service, and network usage.",Advanced,Cleanup,Cleanup,WindowsOptimizer.Engine\Tweaks\Commands\Cleanup\ClearSRUMDataTweak.cs#L11,Docs/cleanup/cleanup.md
cleanup.temp-files,Clear Temporary Files,Deletes temporary files from user and system temp folders. Files in use will be skipped.,Safe,Cleanup,Cleanup,WindowsOptimizer.Engine\Tweaks\Commands\Cleanup\ClearTemporaryFilesTweak.cs#L11,Docs/cleanup/cleanup.md
cleanup.thumbnail-cache,Clear Thumbnail Cache,Clears Explorer thumbnail cache files. Thumbnails will be regenerated when needed.,Safe,Cleanup,Cleanup,WindowsOptimizer.Engine\Tweaks\Commands\Cleanup\ClearThumbnailCacheTweak.cs#L11,Docs/cleanup/cleanup.md
cleanup.wer-files,Clear Windows Error Reporting Files,Deletes Windows Error Reporting (WER) crash dumps and report metadata from system and user folders.,Safe,Cleanup,Cleanup,WindowsOptimizer.Engine\Tweaks\Commands\Cleanup\ClearWERFilesTweak.cs#L11,Docs/cleanup/cleanup.md
cleanup.windows-old,Delete Windows.old Folder,Removes previous Windows installation files from Windows.old. WARNING: You will not be able to roll back to the previous Windows version after deletion.,Risky,Cleanup,Cleanup,WindowsOptimizer.Engine\Tweaks\Commands\Cleanup\ClearWindowsOldTweak.cs#L11,Docs/cleanup/cleanup.md
cleanup.windows-update-cache,Clear Windows Update Cache,Resets Windows Update cache (SoftwareDistribution and catroot2). Use this to fix update loops. Update catalog metadata will be redownloaded.,Advanced,Cleanup,Cleanup,WindowsOptimizer.Engine\Tweaks\Commands\Cleanup\ClearWindowsUpdateCacheTweak.cs#L11,Docs/cleanup/cleanup.md
developer.dotnet-telemetry-disable,Disable .NET SDK Telemetry,Stops .NET SDK from sending usage data to Microsoft. Source: Microsoft .NET SDK Documentation,Safe,Developer,Registry,WindowsOptimizer.App\Services\TweakProviders\DeveloperTweakProvider.cs#L42,Docs/tweaks/tweaks.md
developer.enable-windows-long-paths,Enable Windows Long Paths,"Enables the Windows long-path prerequisite for compatible applications, including development tools that work with deep directory trees. Source: Microsoft Windows Developer Documentation",Safe,Developer,Registry,WindowsOptimizer.App\Services\TweakProviders\DeveloperTweakProvider.cs#L28,Docs/tweaks/tweaks.md
developer.nodejs-performance,Optimize Node.js Performance,Increases Node.js memory limit and enables performance optimizations for large JavaScript projects.,Advanced,Developer,Registry,WindowsOptimizer.App\Services\TweakProviders\DeveloperTweakProvider.cs#L86,Docs/tweaks/tweaks.md
developer.powershell-execution,Allow Local PowerShell Scripts,"Sets PowerShell execution policy to RemoteSigned, allowing local scripts to run while requiring signatures for remote scripts. Source: Microsoft PowerShell Documentation",Advanced,Developer,Registry,WindowsOptimizer.App\Services\TweakProviders\DeveloperTweakProvider.cs#L145,Docs/tweaks/tweaks.md
developer.python-path-fix,Fix Python Path Length Issues,"Ensures Python can handle long paths on Windows, preventing import errors in deep directory structures.",Safe,Developer,Registry,WindowsOptimizer.App\Services\TweakProviders\DeveloperTweakProvider.cs#L114,Docs/tweaks/tweaks.md
developer.ssh-agent-autostart,Enable SSH Agent Auto-start,Automatically starts SSH agent on login for seamless Git SSH key authentication.,Safe,Developer,Registry,WindowsOptimizer.App\Services\TweakProviders\DeveloperTweakProvider.cs#L158,Docs/tweaks/tweaks.md
developer.terminal-dev-mode,Enable Windows Terminal Developer Features,Enables advanced features in Windows Terminal like debug tap and developer mode settings.,Safe,Developer,Registry,WindowsOptimizer.App\Services\TweakProviders\DeveloperTweakProvider.cs#L70,Docs/tweaks/tweaks.md
developer.vs-intellisense-cache,Optimize VS IntelliSense Cache,Increases Visual Studio IntelliSense cache size for better code completion performance in large projects.,Safe,Developer,Registry,WindowsOptimizer.App\Services\TweakProviders\DeveloperTweakProvider.cs#L56,Docs/tweaks/tweaks.md
developer.vs-solution-load,Speed Up Visual Studio Solution Load,Disables background solution load analysis for faster Visual Studio startup on large solutions.,Safe,Developer,Registry,WindowsOptimizer.App\Services\TweakProviders\DeveloperTweakProvider.cs#L176,Docs/tweaks/tweaks.md
developer.vscode-git-autofetch,Disable VS Code Git Autofetch,Disables automatic Git fetching in VS Code to reduce network usage and CPU spikes.,Safe,Developer,Registry,WindowsOptimizer.App\Services\TweakProviders\DeveloperTweakProvider.cs#L100,Docs/tweaks/tweaks.md
developer.windows-dev-mode,Enable Windows Developer Mode,Enables Windows Developer Mode for sideloading apps and accessing advanced development features. Source: Microsoft Windows Developer Documentation,Advanced,Developer,Registry,WindowsOptimizer.App\Services\TweakProviders\DeveloperTweakProvider.cs#L128,Docs/tweaks/tweaks.md
explorer.disable-low-disk-space-warning,Disable Low Disk Space Warning,Turns off the low disk space warning notification.,Safe,Explorer,Registry,WindowsOptimizer.App\Services\TweakProviders\VisibilityTweakProvider.cs#L96,Docs/visibility/visibility.md
explorer.disable-taskbar-chat,Hide Taskbar Chat Icon,Hides the Microsoft Teams Chat icon from the taskbar by default.,Safe,Explorer,Registry,WindowsOptimizer.App\Services\TweakProviders\VisibilityTweakProvider.cs#L84,Docs/visibility/visibility.md
explorer.enable-explorer-compact-mode,Enable Compact View,Reduces the spacing between items in File Explorer for a more information-dense view.,Safe,Explorer,Registry,WindowsOptimizer.App\Services\TweakProviders\VisibilityTweakProvider.cs#L57,Docs/visibility/visibility.md
explorer.show-file-extensions,Show File Extensions,"Shows the file extension (e.g., .txt, .exe) for all known file types in File Explorer.",Safe,Explorer,Registry,WindowsOptimizer.App\Services\TweakProviders\VisibilityTweakProvider.cs#L31,Docs/visibility/visibility.md
explorer.show-full-path,Show Full Path in Title Bar,Displays the complete directory path in the title bar of File Explorer windows.,Safe,Explorer,Registry,WindowsOptimizer.App\Services\TweakProviders\VisibilityTweakProvider.cs#L44,Docs/visibility/visibility.md
explorer.show-hidden-files,Show Hidden Files and Folders,Configures File Explorer to show files and folders marked with the hidden attribute.,Safe,Explorer,Registry,WindowsOptimizer.App\Services\TweakProviders\VisibilityTweakProvider.cs#L18,Docs/visibility/visibility.md
explorer.taskbar-alignment-left,Align Taskbar to Left,Moves the Taskbar icons and Start button to the traditional left alignment (Windows 11).,Safe,Explorer,Registry,WindowsOptimizer.App\Services\TweakProviders\VisibilityTweakProvider.cs#L71,Docs/visibility/visibility.md
misc.disable-edge-features,Disable Microsoft Edge Features,"Disables telemetry, personalization, sync, sidebar, shopping, rewards, and various other Edge features. Also disables Windows 8/8.1 EdgeUI features.",Advanced,Misc,Registry,WindowsOptimizer.Engine\Tweaks\Misc\DisableEdgeFeaturesTweaks.cs#L88,Docs/misc/misc.md
misc.disable-office-telemetry,Disable Microsoft Office Telemetry,"Disables Office telemetry logging, data collection, CEIP opt-in, feedback collection, and telemetry agent tasks for all Office applications.",Safe,Misc,Registry,WindowsOptimizer.Engine\Tweaks\Misc\DisableOfficeTelemetryTweak.cs#L51,Docs/misc/misc.md
misc.disable-onedrive,Disable OneDrive,"Completely disables OneDrive sync, hides it from File Explorer, and prevents network traffic before user sign-in.",Advanced,Misc,Registry,WindowsOptimizer.Engine\Tweaks\Misc\DisableOneDriveTweaks.cs#L36,Docs/misc/misc.md
misc.disable-visual-studio-telemetry,Disable Visual Studio Telemetry,"Disables Visual Studio telemetry, SQM data collection, IntelliCode remote analysis, and feedback features for VS 2015-2022.",Safe,Misc,Registry,WindowsOptimizer.Engine\Tweaks\Misc\DisableVisualStudioTelemetryTweak.cs#L37,Docs/misc/misc.md
misc.optimize-7zip-settings,Optimize 7-Zip Context Menu Settings,"Configures 7-Zip with optimal settings: cascaded menu, eliminate duplicate extraction folders, show icons in context menu, and propagate Zone.Id stream for Office files.",Safe,Misc,Registry,WindowsOptimizer.Engine\Tweaks\Misc\SevenZipSettingsTweak.cs#L54,Docs/misc/misc.md
network.disable-active-probing,Disable Active Probing,Turns off NCSI active probing for internet connectivity tests.,Advanced,Network,Registry,WindowsOptimizer.App\Services\TweakProviders\NetworkTweakProvider.cs#L178,Docs/network/network.md
network.disable-default-shares,Disable Default Shares,Disables automatic administrative shares on the SMB server.,Advanced,Network,Registry,WindowsOptimizer.App\Services\TweakProviders\NetworkTweakProvider.cs#L307,Docs/network/network.md
network.disable-ipv6,Disable IPv6,Disables IPv6 protocol system-wide. May cause issues with some modern network apps.,Advanced,Network,Registry,WindowsOptimizer.App\Services\TweakProviders\NetworkTweakProvider.cs#L82,Docs/network/network.md
network.disable-llmnr,Disable LLMNR,Turns off multicast name resolution (LLMNR).,Advanced,Network,Registry,WindowsOptimizer.App\Services\TweakProviders\NetworkTweakProvider.cs#L110,Docs/network/network.md
network.disable-lltd,Set LLTD Policies to Default Behavior,Disables the explicit LLTD mapper and responder policies so Windows uses the documented default behavior.,Advanced,Network,Registry,WindowsOptimizer.App\Services\TweakProviders\NetworkTweakProvider.cs#L158,Docs/network/network.md
network.disable-mdns,Set mDNS Policy to Local Settings,Disables the explicit mDNS policy so Windows falls back to locally configured mDNS behavior.,Advanced,Network,Registry,WindowsOptimizer.App\Services\TweakProviders\NetworkTweakProvider.cs#L122,Docs/network/network.md
network.disable-netbios,Disable NetBIOS over TCP/IP,Disables NetBIOS over TCP/IP on all IP-enabled adapters using the documented per-interface Windows control surface.,Advanced,Network,Command,WindowsOptimizer.Engine\Tweaks\Commands\Network\DisableNetbiosOverTcpIpTweak.cs#L19,Docs/network/network.md
network.disable-netbios-resolution,Disable NetBIOS Name Resolution,Disables NetBIOS name resolution on the DNS client.,Advanced,Network,Registry,WindowsOptimizer.App\Services\TweakProviders\NetworkTweakProvider.cs#L134,Docs/network/network.md
network.disable-plaintext-smb-passwords,Disable Plaintext SMB Passwords,Prevents sending unencrypted passwords to SMB servers.,Advanced,Network,Registry,WindowsOptimizer.App\Services\TweakProviders\NetworkTweakProvider.cs#L343,Docs/network/network.md
network.disable-smart-name-resolution,Disable Smart Multi-Homed Name Resolution,Disables smart name resolution across multiple network interfaces.,Advanced,Network,Registry,WindowsOptimizer.App\Services\TweakProviders\NetworkTweakProvider.cs#L146,Docs/network/network.md
network.disable-smb1,Disable SMBv1,Disables the legacy SMBv1 protocol on the server.,Advanced,Network,Registry,WindowsOptimizer.App\Services\TweakProviders\NetworkTweakProvider.cs#L319,Docs/network/network.md
network.disable-smb2,Disable SMBv2/SMBv3,Disables the SMBv2/SMBv3 protocol on the server.,Risky,Network,Registry,WindowsOptimizer.App\Services\TweakProviders\NetworkTweakProvider.cs#L331,Docs/network/network.md
network.disable-wifi-sense,Disable Wi-Fi Sense,Prevents Windows from automatically connecting to suggested open hotspots.,Safe,Network,Registry,WindowsOptimizer.App\Services\TweakProviders\NetworkTweakProvider.cs#L96,Docs/network/network.md
network.enable-lltd-responder,Enable LLTD Responder,Enables the Link-Layer Topology Discovery Responder driver for discovery by other PCs.,Advanced,Network,Registry,WindowsOptimizer.App\Services\TweakProviders\NetworkTweakProvider.cs#L31,Docs/network/network.md
network.enable-lltdio,Enable LLTD Mapper I/O,Enables the Link-Layer Topology Discovery Mapper I/O driver for network mapping.,Advanced,Network,Registry,WindowsOptimizer.App\Services\TweakProviders\NetworkTweakProvider.cs#L19,Docs/network/network.md
network.flush-dns-cache,Flush DNS Cache,Clears the DNS resolver cache. Useful for resolving DNS issues or ensuring fresh DNS lookups. This is a one-time operation and cannot be rolled back.,Safe,Network,Command,WindowsOptimizer.Engine\Tweaks\Commands\Network\FlushDnsCacheTweak.cs#L13,Docs/network/network.md
network.optimize-smb,Optimize SMB Performance,Enables SMB multichannel and optimizes cache lifetimes for network file sharing.,Safe,Network,Registry,WindowsOptimizer.App\Services\TweakProviders\NetworkTweakProvider.cs#L44,Docs/network/network.md
network.prefer-ipv4,Prefer IPv4 over IPv6,Configures the IPv6 stack to prefer IPv4 without fully disabling IPv6.,Advanced,Network,Registry,WindowsOptimizer.App\Services\TweakProviders\NetworkTweakProvider.cs#L189,Docs/network/network.md
network.require-ntlm-ssp-client-session-security,Require NTLM SSP Client Session Security and 128-bit Encryption,Requires NTLMv2 session security and 128-bit encryption for NTLM SSP based clients.,Risky,Network,Registry,WindowsOptimizer.App\Services\TweakProviders\NetworkTweakProvider.cs#L355,Docs/network/network.md
network.reset-winsock,Reset Winsock Catalog,Resets the Winsock catalog to default settings. Useful for fixing network connectivity issues. Requires system restart to take effect.,Advanced,Network,Command,WindowsOptimizer.Engine\Tweaks\Commands\Network\ResetNetworkStackTweak.cs#L13,Docs/network/network.md
network.smb-disable-leasing,SMB: Disable Leasing,Disables SMB server leasing using the documented SMB server configuration surface.,Advanced,Network,Command,WindowsOptimizer.Engine\Tweaks\Commands\Network\DisableSmbLeasingTweak.cs#L15,Docs/network/network.md
network.smb-enable-large-mtu,SMB: Enable Large MTU,Enables large MTU support for SMB client connections.,Advanced,Network,Registry,WindowsOptimizer.App\Services\TweakProviders\NetworkTweakProvider.cs#L202,Docs/network/network.md
network.smb-enable-multichannel,SMB: Enable Multichannel,Enables SMB Multichannel on the documented SMB client and SMB server configuration surfaces.,Advanced,Network,Command,WindowsOptimizer.Engine\Tweaks\Commands\Network\EnableSmbMultichannelTweak.cs#L16,Docs/network/network.md
network.smb-enable-quic,SMB: Enable QUIC,Enables SMB over QUIC for client and server.,Advanced,Network,Registry,WindowsOptimizer.App\Services\TweakProviders\NetworkTweakProvider.cs#L269,Docs/network/network.md
network.smb-encrypt-data,SMB: Require Encryption,Requires SMB server encryption for shared data.,Advanced,Network,Registry,WindowsOptimizer.App\Services\TweakProviders\NetworkTweakProvider.cs#L241,Docs/network/network.md
network.smb-reject-unencrypted-access,SMB: Reject Unencrypted Access,Rejects SMB clients that do not support encryption.,Advanced,Network,Registry,WindowsOptimizer.App\Services\TweakProviders\NetworkTweakProvider.cs#L253,Docs/network/network.md
network.smb-require-dialect-3_1_1,SMB: Require Dialect 3.1.1,Restricts SMB client/server dialects to exactly SMB 3.1.1.,Risky,Network,Registry,WindowsOptimizer.App\Services\TweakProviders\NetworkTweakProvider.cs#L281,Docs/network/network.md
network.smb-require-signing-client,SMB: Require Client Signing,Requires SMB client signing for outbound connections.,Advanced,Network,Registry,WindowsOptimizer.App\Services\TweakProviders\NetworkTweakProvider.cs#L214,Docs/network/network.md
network.smb-require-signing-server,SMB: Require Signing (Server),Requires SMB server signing for inbound connections.,Advanced,Network,Registry,WindowsOptimizer.App\Services\TweakProviders\NetworkTweakProvider.cs#L227,Docs/network/network.md
network.smb-set-cipher-suite-order,SMB: Set Cipher Suite Order,Sets the SMB encryption cipher suite order to AES-256 variants.,Advanced,Network,Registry,WindowsOptimizer.App\Services\TweakProviders\NetworkTweakProvider.cs#L295,Docs/network/network.md
notifications.disable-feedback-frequency,Disable Feedback Requests,Stops Windows from asking for feedback or ratings.,Safe,Notifications,Registry,WindowsOptimizer.App\Services\TweakProviders\PrivacyTweakProvider.cs#L505,Docs/notifications/notifications.md
notifications.disable-lock-screen,Disable Lock Screen Notifications,Prevents app notifications from showing on the lock screen.,Advanced,Notifications,Registry,WindowsOptimizer.App\Services\TweakProviders\PrivacyTweakProvider.cs#L492,Docs/notifications/notifications.md
notifications.disable-mirroring,Disable Notification Mirroring,Stops notifications from being mirrored to other devices.,Advanced,Notifications,Registry,WindowsOptimizer.App\Services\TweakProviders\PrivacyTweakProvider.cs#L543,Docs/notifications/notifications.md
notifications.disable-tile,Disable Tile Notifications,Prevents apps from updating tiles and tile badges.,Advanced,Notifications,Registry,WindowsOptimizer.App\Services\TweakProviders\PrivacyTweakProvider.cs#L530,Docs/notifications/notifications.md
notifications.disable-toast,Disable Toast Notifications,Blocks balloon and toast notifications for all applications for the current user.,Advanced,Notifications,Registry,WindowsOptimizer.App\Services\TweakProviders\PrivacyTweakProvider.cs#L479,Docs/notifications/notifications.md
performance.disable-animations,Disable Window Animations,Disables window animations to make the UI feel snappier. Reference: Microsoft PC Performance Guidelines,Safe,Performance,Registry,WindowsOptimizer.App\Services\TweakProviders\PerformanceTweakProvider.cs#L27,Docs/performance/performance.md
performance.disable-menu-show-delay,Remove Menu Show Delay,Removes the artificial delay when showing menus for a more responsive feel.,Safe,Performance,Registry,WindowsOptimizer.App\Services\TweakProviders\PerformanceTweakProvider.cs#L40,Docs/performance/performance.md
performance.disable-taskbar-animations,Disable Taskbar Animations,Disables taskbar animations for a slight performance boost.,Safe,Performance,Registry,WindowsOptimizer.App\Services\TweakProviders\PerformanceTweakProvider.cs#L53,Docs/performance/performance.md
peripheral.audio-disable-ducking,Disable Audio Ducking,Disables Windows automatic volume adjustment when making calls or using communication apps. Equivalent to 'Do nothing' in Sound settings.,Safe,Peripheral,Registry,WindowsOptimizer.Engine\Tweaks\Peripheral\AudioTweaks.cs#L24,Docs/peripheral/peripheral.md
peripheral.audio-disable-enhancements,Disable Audio Enhancements,Disables audio enhancements and exclusive mode for audio devices. Provides cleaner audio output without processing.,Safe,Peripheral,Registry,WindowsOptimizer.Engine\Tweaks\Peripheral\AudioTweaks.cs#L50,Docs/peripheral/peripheral.md
peripheral.autoplay-take-no-action,AutoPlay: Take No Action,Sets AutoPlay handlers to take no action for common media events.,Safe,Peripheral,Registry,WindowsOptimizer.App\Services\TweakProviders\PeripheralTweakProvider.cs#L63,Docs/peripheral/peripheral.md
peripheral.disable-autoplay,Disable AutoPlay,Disables AutoPlay on all drives and blocks AutoPlay for non-volume devices for the current user.,Safe,Peripheral,Registry,WindowsOptimizer.App\Services\TweakProviders\PeripheralTweakProvider.cs#L40,Docs/peripheral/peripheral.md
peripheral.disable-sticky-keys-prompt,Disable Sticky Keys Prompt,Prevents the annoying prompt when pressing Shift multiple times.,Safe,Peripheral,Registry,WindowsOptimizer.App\Services\TweakProviders\PeripheralTweakProvider.cs#L27,Docs/peripheral/peripheral.md
peripheral.keyboard-disable-language-hotkey,Disable Language Switch Hotkey,Disables Ctrl+Shift and Alt+Shift language switching hotkeys to prevent accidental language changes during gaming or typing.,Safe,Peripheral,Registry,WindowsOptimizer.Engine\Tweaks\Peripheral\KeyboardTweaks.cs#L52,Docs/peripheral/peripheral.md
peripheral.keyboard-optimize-repeat,Optimize Keyboard Repeat Rate,Sets keyboard to minimum repeat delay and maximum repeat rate for faster typing. Also slows cursor blink rate to 900ms.,Safe,Peripheral,Registry,WindowsOptimizer.Engine\Tweaks\Peripheral\KeyboardTweaks.cs#L27,Docs/peripheral/peripheral.md
peripheral.mouse-disable-acceleration,Disable Enhanced Pointer Precision (Mouse Acceleration),Disables mouse acceleration for 1:1 mouse movement. Preferred by gamers and precision users.,Safe,Peripheral,Registry,WindowsOptimizer.Engine\Tweaks\Peripheral\MouseTweaks.cs#L55,Docs/peripheral/peripheral.md
peripheral.mouse-disable-throttle,Disable Mouse Throttling for Background Windows,"Disables raw mouse input throttling for background windows, improving mouse responsiveness. Useful for monitoring tools like MouseTester.",Safe,Peripheral,Registry,WindowsOptimizer.Engine\Tweaks\Peripheral\MouseTweaks.cs#L27,Docs/peripheral/peripheral.md
power.disable-cpu-idle-states,Disable CPU Idle States (C-States),Disables CPU idle states and C-States for minimum latency. Increases power consumption but improves responsiveness. Recommended for gaming/audio production.,Advanced,Power,Registry,WindowsOptimizer.App\Services\TweakProviders\PowerTweakProvider.cs#L79,Docs/power/power.md
power.disable-cpu-parking,Disable CPU Core Parking,"Prevents Windows from parking CPU cores, keeping all cores active. Reduces latency and improves responsiveness for gaming and real-time applications.",Safe,Power,Registry,WindowsOptimizer.Engine\Tweaks\Power\CPUPowerTweaks.cs#L29,Docs/power/power.md
power.disable-fast-startup,Disable Fast Startup (Hiberboot),Disables Fast Startup feature which uses hibernation for faster boot times. Fixes some driver and dual-boot issues.,Safe,Power,Registry,WindowsOptimizer.App\Services\TweakProviders\PowerTweakProvider.cs#L37,Docs/power/power.md
power.disable-hibernation,Disable Hibernation,Disables hibernation and deletes hiberfil.sys to save disk space. This prevents the system from entering hibernation mode but does not affect sleep mode.,Safe,Power,Command,WindowsOptimizer.Engine\Tweaks\Commands\Power\DisableHibernationTweak.cs#L13,Docs/power/power.md
power.disable-modern-standby,Disable Modern Standby,Disables Modern Standby (S0 Low Power Idle) and switches to traditional S3 sleep mode. Improves desktop power behavior.,Advanced,Power,Registry,WindowsOptimizer.App\Services\TweakProviders\PowerTweakProvider.cs#L24,Docs/power/power.md
power.disable-network-power-saving,Disable Network Adapter Power Saving,Disables network throttling and optimizes multimedia/network responsiveness. Improves gaming and streaming performance.,Safe,Power,Registry,WindowsOptimizer.App\Services\TweakProviders\PowerTweakProvider.cs#L96,Docs/power/power.md
power.disable-power-throttling,Disable Power Throttling,Disables Windows Power Throttling which limits background process performance. Improves overall system responsiveness.,Safe,Power,Registry,WindowsOptimizer.App\Services\TweakProviders\PowerTweakProvider.cs#L49,Docs/power/power.md
power.disable-superfetch,Disable Superfetch (SysMain),Disables the Superfetch service (SysMain) which preloads frequently used applications. Can improve performance on SSDs where prefetching is not beneficial.,Safe,Power,Command,WindowsOptimizer.Engine\Tweaks\Commands\Performance\DisableSuperfetchTweak.cs#L13,Docs/power/power.md
power.disable-windows-search,Disable Windows Search,Disables the Windows Search indexing service. This can improve system performance but will slow down file searches. Useful for systems with SSDs where search performance is already fast.,Advanced,Power,Service,WindowsOptimizer.App\Services\TweakProviders\PerformanceTweakProvider.cs#L68,Docs/power/power.md
power.hide-hibernate-option,Hide Hibernate Power Option,Hides the Hibernate option from the power menu.,Advanced,Power,Registry,WindowsOptimizer.App\Services\TweakProviders\PowerTweakProvider.cs#L151,Docs/power/power.md
power.hide-lock-option,Hide Lock Power Option,Hides the Lock option from the power menu.,Advanced,Power,Registry,WindowsOptimizer.App\Services\TweakProviders\PowerTweakProvider.cs#L127,Docs/power/power.md
power.hide-sleep-option,Hide Sleep Power Option,Hides the Sleep option from the power menu.,Advanced,Power,Registry,WindowsOptimizer.App\Services\TweakProviders\PowerTweakProvider.cs#L139,Docs/power/power.md
power.optimize-cpu-boost,Optimize CPU Performance Boost,Sets PERFBOOSTMODE to Aggressive on the active power plan using the documented power setting surface.,Safe,Power,Command,WindowsOptimizer.Engine\Tweaks\Commands\Power\SetCpuBoostPerfModeTweak.cs#L22,Docs/power/power.md
power.optimize-gaming-network,Optimize Gaming Network Settings,"Boosts priority for gaming tasks, improving network latency and frame timing. Sets high priority for GPU, scheduling, and I/O.",Safe,Power,Registry,WindowsOptimizer.App\Services\TweakProviders\PowerTweakProvider.cs#L110,Docs/power/power.md
power.optimize-performance,Optimize Power Settings for Performance,"Applies multiple power optimizations: disables timer coalescing, deep IO coalescing, core parking latency, and energy estimation for maximum performance.",Advanced,Power,Registry,WindowsOptimizer.App\Services\TweakProviders\PowerTweakProvider.cs#L61,Docs/power/power.md
privacy.block-microsoft-accounts,Block Microsoft Accounts,Prevents adding or signing in with Microsoft accounts.,Risky,Privacy,Registry,WindowsOptimizer.App\Services\TweakProviders\PrivacyTweakProvider.cs#L777,Docs/privacy/privacy-verified.md
privacy.deny-app-access,Deny App Access (Except Microphone),Forces Windows apps to be denied access to sensitive capabilities.,Risky,Privacy,Registry,WindowsOptimizer.App\Services\TweakProviders\PrivacyTweakProvider.cs#L394,Docs/privacy/privacy-verified.md
privacy.disable-activity-history,Disable Activity History,Stops publishing and uploading activity history (Timeline) across devices.,Advanced,Privacy,Registry,WindowsOptimizer.App\Services\TweakProviders\PrivacyTweakProvider.cs#L46,Docs/privacy/privacy-verified.md
privacy.disable-advertising-id,Disable Advertising ID,Prevents Windows from tracking you for advertising personalization.,Safe,Privacy,Registry,WindowsOptimizer.App\Services\TweakProviders\PrivacyTweakProvider.cs#L34,Docs/privacy/privacy-verified.md
privacy.disable-app-diagnostics,Disable App Diagnostics,Prevents apps from accessing diagnostic information.,Advanced,Privacy,Registry,WindowsOptimizer.App\Services\TweakProviders\PrivacyTweakProvider.cs#L430,Docs/privacy/privacy-verified.md
privacy.disable-app-launch-tracking,Disable App Launch Tracking,Stops Windows from tracking app launches for Start/Search personalization.,Safe,Privacy,Registry,WindowsOptimizer.App\Services\TweakProviders\PrivacyTweakProvider.cs#L1040,Docs/privacy/privacy-verified.md
privacy.disable-app-suggestions,Disable App Suggestions in Start,Prevents Windows from suggesting promoted apps in the Start menu.,Safe,Privacy,Registry,WindowsOptimizer.App\Services\TweakProviders\PrivacyTweakProvider.cs#L312,Docs/privacy/privacy-verified.md
privacy.disable-application-compatibility,Disable Application Compatibility,"Turns off Windows application compatibility components, telemetry, and related tasks.",Risky,Privacy,Composite,WindowsOptimizer.App\Services\TweakProviders\PrivacyTweakProvider.cs#L73,Docs/privacy/privacy-verified.md
privacy.disable-application-telemetry,Disable Application Telemetry,Stops the Application Telemetry engine from collecting usage data for compatibility.,Risky,Privacy,Registry,WindowsOptimizer.App\Services\TweakProviders\PrivacyTweakProvider.cs#L61,Docs/privacy/privacy-verified.md
privacy.disable-background-apps,Disable Background Apps,"Prevents Windows apps from running in the background, saving battery and resources.",Advanced,Privacy,Registry,WindowsOptimizer.App\Services\TweakProviders\PrivacyTweakProvider.cs#L466,Docs/privacy/privacy-verified.md
privacy.disable-biometrics,Disable Biometrics,Turns off Windows biometric features on this device.,Risky,Privacy,Registry,WindowsOptimizer.App\Services\TweakProviders\PrivacyTweakProvider.cs#L1053,Docs/privacy/privacy-verified.md
privacy.disable-biometrics-domain-logon,Disable Biometrics for Domain Logon,Prevents domain users from signing in with biometrics.,Risky,Privacy,Registry,WindowsOptimizer.App\Services\TweakProviders\PrivacyTweakProvider.cs#L1077,Docs/privacy/privacy-verified.md
privacy.disable-biometrics-logon,Disable Biometrics Logon,Prevents users from signing in with biometrics.,Risky,Privacy,Registry,WindowsOptimizer.App\Services\TweakProviders\PrivacyTweakProvider.cs#L1065,Docs/privacy/privacy-verified.md
privacy.disable-camera,Disable Camera Access (Policy),Disables camera access for all applications via group policy.,Advanced,Privacy,Registry,WindowsOptimizer.App\Services\TweakProviders\PrivacyTweakProvider.cs#L454,Docs/privacy/privacy-verified.md
privacy.disable-ceip,Disable CEIP,Opts out of Customer Experience Improvement Program data collection.,Advanced,Privacy,Registry,WindowsOptimizer.App\Services\TweakProviders\PrivacyTweakProvider.cs#L127,Docs/privacy/privacy-verified.md
privacy.disable-cli-telemetry,Disable PowerShell & .NET CLI Telemetry,Opts out of PowerShell and .NET CLI telemetry for the current user.,Safe,Privacy,Registry,WindowsOptimizer.App\Services\TweakProviders\PrivacyTweakProvider.cs#L696,Docs/privacy/privacy-verified.md
privacy.disable-consumer-account-content,Disable Consumer Account State Content,Prevents Windows experiences from using cloud consumer account content.,Advanced,Privacy,Registry,WindowsOptimizer.App\Services\TweakProviders\PrivacyTweakProvider.cs#L919,Docs/privacy/privacy-verified.md
privacy.disable-copilot,Disable Windows Copilot,Turns off the Windows Copilot AI experience for the current user.,Advanced,Privacy,Registry,WindowsOptimizer.App\Services\TweakProviders\PrivacyTweakProvider.cs#L367,Docs/privacy/privacy-verified.md
privacy.disable-cross-device-experiences,Cross-Device Sharing,"Choose whether nearby Windows experiences stay off, work only with your devices, or are available to everyone nearby.",Advanced,Privacy,Registry,WindowsOptimizer.App\Services\TweakProviders\PrivacyTweakProvider.cs#L591,Docs/privacy/privacy-verified.md
privacy.disable-device-name-telemetry,Disable Device Name in Diagnostics,Prevents the device name from being included in diagnostic data.,Risky,Privacy,Registry,WindowsOptimizer.App\Services\TweakProviders\PrivacyTweakProvider.cs#L140,Docs/privacy/privacy-verified.md
privacy.disable-diagnostic-data,Set Diagnostic Data to Minimum Supported Level,Sets diagnostic data collection to the lowest documented level supported by the edition.,Risky,Privacy,Registry,WindowsOptimizer.App\Services\TweakProviders\PrivacyTweakProvider.cs#L22,Docs/privacy/privacy-verified.md
privacy.disable-diagnostic-data-delete,Disable Diagnostic Data Deletion,Disables the ability to delete diagnostic data in Settings.,Risky,Privacy,Registry,WindowsOptimizer.App\Services\TweakProviders\PrivacyTweakProvider.cs#L164,Docs/privacy/privacy-verified.md
privacy.disable-diagnostic-data-viewer,Disable Diagnostic Data Viewer,Blocks access to the Diagnostic Data Viewer in Settings.,Risky,Privacy,Registry,WindowsOptimizer.App\Services\TweakProviders\PrivacyTweakProvider.cs#L152,Docs/privacy/privacy-verified.md
privacy.disable-edge-search-suggestions,Disable Edge Search Suggestions,Turns off search suggestions in Microsoft Edge address bar.,Advanced,Privacy,Registry,WindowsOptimizer.App\Services\TweakProviders\PrivacyTweakProvider.cs#L954,Docs/privacy/privacy-verified.md
privacy.disable-f1-help,Disable F1 Help,Disables F1 help by renaming HelpPane.exe.,Advanced,Privacy,File,WindowsOptimizer.App\Services\TweakProviders\PrivacyTweakProvider.cs#L945,Docs/privacy/privacy-verified.md
privacy.disable-feedback-notifications,Disable Feedback Notifications,Stops Windows Feedback prompts from appearing.,Advanced,Privacy,Registry,WindowsOptimizer.App\Services\TweakProviders\PrivacyTweakProvider.cs#L518,Docs/privacy/privacy-verified.md
privacy.disable-file-history,Disable File History,Turns off File History backups.,Advanced,Privacy,Registry,WindowsOptimizer.App\Services\TweakProviders\PrivacyTweakProvider.cs#L557,Docs/privacy/privacy-verified.md
privacy.disable-find-my-device,Disable Find My Device,Stops Windows from registering this PC with Find My Device and keeps location-based recovery turned off.,Safe,Privacy,Registry,WindowsOptimizer.App\Services\TweakProviders\PrivacyTweakProvider.cs#L635,Docs/privacy/privacy-verified.md
privacy.disable-font-providers,Disable Font Providers,Prevents Windows from downloading fonts from online providers.,Advanced,Privacy,Registry,WindowsOptimizer.App\Services\TweakProviders\PrivacyTweakProvider.cs#L342,Docs/privacy/privacy-verified.md
privacy.disable-inking-typing-personalization,Disable Inking & Typing Personalization,Stops sending inking and typing data to Microsoft.,Advanced,Privacy,Registry,WindowsOptimizer.App\Services\TweakProviders\PrivacyTweakProvider.cs#L354,Docs/privacy/privacy-verified.md
privacy.disable-kms-activation-telemetry,Disable KMS Activation Telemetry,Stops KMS client activation data from being sent to Microsoft.,Advanced,Privacy,Registry,WindowsOptimizer.App\Services\TweakProviders\PrivacyTweakProvider.cs#L236,Docs/privacy/privacy-verified.md
privacy.disable-language-list-access,Disable Website Access to Language List,Prevents websites from accessing the language list for content customization.,Safe,Privacy,Registry,WindowsOptimizer.App\Services\TweakProviders\PrivacyTweakProvider.cs#L711,Docs/privacy/privacy-verified.md
privacy.disable-local-security-questions,Disable Local Security Questions,Prevents setting security questions for local accounts.,Advanced,Privacy,Registry,WindowsOptimizer.App\Services\TweakProviders\PrivacyTweakProvider.cs#L789,Docs/privacy/privacy-verified.md
privacy.disable-location-consent,Disable Location Consent (User),Denies location capability access for the current user.,Advanced,Privacy,Registry,WindowsOptimizer.App\Services\TweakProviders\PrivacyTweakProvider.cs#L967,Docs/privacy/privacy-verified.md
privacy.disable-location-consent-system,Disable Location Consent (System),Denies location capability access at the system level.,Advanced,Privacy,Registry,WindowsOptimizer.App\Services\TweakProviders\PrivacyTweakProvider.cs#L980,Docs/privacy/privacy-verified.md
privacy.disable-location-scripting,Disable Location Scripting,Disables location scripting support for apps and scripts.,Risky,Privacy,Registry,WindowsOptimizer.App\Services\TweakProviders\PrivacyTweakProvider.cs#L992,Docs/privacy/privacy-verified.md
privacy.disable-location-services,Disable Location Services,Turns off location tracking services system-wide for all users.,Advanced,Privacy,Registry,WindowsOptimizer.App\Services\TweakProviders\PrivacyTweakProvider.cs#L442,Docs/privacy/privacy-verified.md
privacy.disable-mdm-enrollment,Disable MDM Enrollment,Prevents new MDM enrollments for this device.,Advanced,Privacy,Registry,WindowsOptimizer.App\Services\TweakProviders\PrivacyTweakProvider.cs#L684,Docs/privacy/privacy-verified.md
privacy.disable-message-sync,Disable Message Sync,Stops SMS/MMS cloud sync for this device.,Advanced,Privacy,Registry,WindowsOptimizer.App\Services\TweakProviders\PrivacyTweakProvider.cs#L672,Docs/privacy/privacy-verified.md
privacy.disable-offline-files,Disable Offline Files,"Disables Offline Files (CSC) via policy, services, tasks, and Sync Center.",Advanced,Privacy,Composite,WindowsOptimizer.App\Services\TweakProviders\PrivacyTweakProvider.cs#L570,Docs/privacy/privacy-verified.md
privacy.disable-onesettings-downloads,Disable OneSettings Downloads,Stops Windows from downloading configuration settings from OneSettings.,Risky,Privacy,Registry,WindowsOptimizer.App\Services\TweakProviders\PrivacyTweakProvider.cs#L224,Docs/privacy/privacy-verified.md
privacy.disable-online-tips,Disable Online Tips,Stops Settings from retrieving online tips and help content.,Advanced,Privacy,Registry,WindowsOptimizer.App\Services\TweakProviders\PrivacyTweakProvider.cs#L931,Docs/privacy/privacy-verified.md
privacy.disable-phone-linking,Disable Phone Linking,Prevents the device from participating in Phone-PC linking.,Advanced,Privacy,Registry,WindowsOptimizer.App\Services\TweakProviders\PrivacyTweakProvider.cs#L647,Docs/privacy/privacy-verified.md
privacy.disable-recall,Disable Windows Recall,Disables saving snapshots for the Recall AI feature on this user.,Advanced,Privacy,Registry,WindowsOptimizer.App\Services\TweakProviders\PrivacyTweakProvider.cs#L380,Docs/privacy/privacy-verified.md
privacy.disable-resume,Disable Resume Experiences,"Turns off Resume (start on one device, continue on this PC).",Safe,Privacy,Registry,WindowsOptimizer.App\Services\TweakProviders\PrivacyTweakProvider.cs#L659,Docs/privacy/privacy-verified.md
privacy.disable-rsop-logging,Disable RSoP Logging,Turns off Resultant Set of Policy logging on this device.,Advanced,Privacy,Registry,WindowsOptimizer.App\Services\TweakProviders\PrivacyTweakProvider.cs#L248,Docs/privacy/privacy-verified.md
privacy.disable-search-box-suggestions,Disable Search Box Suggestions,Stops File Explorer from showing recent search suggestions.,Safe,Privacy,Registry,WindowsOptimizer.App\Services\TweakProviders\PrivacyTweakProvider.cs#L838,Docs/privacy/privacy-verified.md
privacy.disable-search-history,Disable Search History,Prevents search history from being stored for this user.,Safe,Privacy,Registry,WindowsOptimizer.App\Services\TweakProviders\PrivacyTweakProvider.cs#L825,Docs/privacy/privacy-verified.md
privacy.disable-sensors,Disable Sensors,Turns off hardware sensor access for apps and system features.,Advanced,Privacy,Registry,WindowsOptimizer.App\Services\TweakProviders\PrivacyTweakProvider.cs#L1016,Docs/privacy/privacy-verified.md
privacy.disable-sleep-study-diagnostics,Disable Sleep Study Diagnostics,Disables sleep study diagnostic event channels.,Advanced,Privacy,Registry,WindowsOptimizer.App\Services\TweakProviders\PrivacyTweakProvider.cs#L259,Docs/privacy/privacy-verified.md
privacy.disable-steps-recorder,Disable Steps Recorder,Disables Steps Recorder through policy to prevent recording user actions.,Advanced,Privacy,Registry,WindowsOptimizer.App\Services\TweakProviders\PrivacyTweakProvider.cs#L1028,Docs/privacy/privacy-verified.md
privacy.disable-suggestions,Disable Suggestions & Tips,"Turns off Windows tips, welcome experiences, and Settings recommendations.",Safe,Privacy,Registry,WindowsOptimizer.App\Services\TweakProviders\PrivacyTweakProvider.cs#L901,Docs/privacy/privacy-verified.md
privacy.disable-suggestions-cdm,Disable Content Delivery Manager Suggestions,Disables various suggestions and auto-installed apps from the Content Delivery Manager.,Safe,Privacy,Registry,WindowsOptimizer.App\Services\TweakProviders\PrivacyTweakProvider.cs#L325,Docs/privacy/privacy-verified.md
privacy.disable-sync-settings,Turn Off Settings Sync by Default,Turns off syncing Windows settings and related data across devices while still allowing user override.,Advanced,Privacy,Registry,WindowsOptimizer.App\Services\TweakProviders\PrivacyTweakProvider.cs#L746,Docs/privacy/privacy-verified.md
privacy.disable-telemetry-change-notifications,Disable Diagnostic Data Change Notifications,Stops opt-in change notifications for diagnostic data.,Risky,Privacy,Registry,WindowsOptimizer.App\Services\TweakProviders\PrivacyTweakProvider.cs#L176,Docs/privacy/privacy-verified.md
privacy.disable-telemetry-optin-ui,Disable Diagnostic Data Opt-in UI,Disables the diagnostic data opt-in settings UI in Settings.,Risky,Privacy,Registry,WindowsOptimizer.App\Services\TweakProviders\PrivacyTweakProvider.cs#L188,Docs/privacy/privacy-verified.md
privacy.disable-wer,Disable Windows Error Reporting,Disables automatic generation and upload of error reports to Microsoft.,Advanced,Privacy,Registry,WindowsOptimizer.App\Services\TweakProviders\PrivacyTweakProvider.cs#L115,Docs/privacy/privacy-verified.md
privacy.disable-windows-location-provider,Disable Windows Location Provider,Disables the Windows Location Provider for all apps.,Risky,Privacy,Registry,WindowsOptimizer.App\Services\TweakProviders\PrivacyTweakProvider.cs#L1004,Docs/privacy/privacy-verified.md
privacy.disable-windows-tips,Turn Off Windows Tips,Turns off Windows tips through the documented CloudContent machine policy.,Safe,Privacy,Registry,WindowsOptimizer.App\Services\TweakProviders\PrivacyTweakProvider.cs#L300,Docs/privacy/privacy-verified.md
privacy.disable-wmplayer-telemetry,Disable Windows Media Player Telemetry,Turns off usage tracking and online metadata for Windows Media Player.,Advanced,Privacy,Registry,WindowsOptimizer.App\Services\TweakProviders\PrivacyTweakProvider.cs#L724,Docs/privacy/privacy-verified.md
privacy.hide-last-logged-in-user,Hide Last Logged-In User,Removes the last signed-in username from the sign-in screen.,Advanced,Privacy,Registry,WindowsOptimizer.App\Services\TweakProviders\PrivacyTweakProvider.cs#L801,Docs/privacy/privacy-verified.md
privacy.hide-recommended-personalized-sites,Hide Start Personalized Site Recommendations (Policy),Removes personalized website recommendations from Start for all users.,Advanced,Privacy,Registry,WindowsOptimizer.App\Services\TweakProviders\PrivacyTweakProvider.cs#L876,Docs/privacy/privacy-verified.md
privacy.hide-recommended-personalized-sites-user,Hide Start Personalized Site Recommendations (User),Removes personalized website recommendations from Start for the current user.,Safe,Privacy,Registry,WindowsOptimizer.App\Services\TweakProviders\PrivacyTweakProvider.cs#L888,Docs/privacy/privacy-verified.md
privacy.hide-recommended-section,Hide Start Recommended Section (Policy),Removes the Recommended section from the Start menu for all users.,Advanced,Privacy,Registry,WindowsOptimizer.App\Services\TweakProviders\PrivacyTweakProvider.cs#L851,Docs/privacy/privacy-verified.md
privacy.hide-recommended-section-user,Hide Start Recommended Section (User),Removes the Recommended section from the Start menu for the current user.,Safe,Privacy,Registry,WindowsOptimizer.App\Services\TweakProviders\PrivacyTweakProvider.cs#L863,Docs/privacy/privacy-verified.md
privacy.hide-username-at-signin,Hide Username at Sign-In,Hides the username after credentials are entered at sign-in.,Advanced,Privacy,Registry,WindowsOptimizer.App\Services\TweakProviders\PrivacyTweakProvider.cs#L813,Docs/privacy/privacy-verified.md
privacy.limit-diagnostic-log-collection,Limit Diagnostic Log Collection,Prevents additional diagnostic logs from being collected.,Risky,Privacy,Registry,WindowsOptimizer.App\Services\TweakProviders\PrivacyTweakProvider.cs#L200,Docs/privacy/privacy-verified.md
privacy.limit-dump-collection,Limit Dump Collection,Limits diagnostic dumps to reduce the data sent in diagnostics.,Risky,Privacy,Registry,WindowsOptimizer.App\Services\TweakProviders\PrivacyTweakProvider.cs#L212,Docs/privacy/privacy-verified.md
privacy.troubleshooter-dont-run,Troubleshooter: Don't Run Any,Prevents recommended troubleshooters from running automatically.,Advanced,Privacy,Registry,WindowsOptimizer.App\Services\TweakProviders\PrivacyTweakProvider.cs#L287,Docs/privacy/privacy-verified.md
security.disable-downloads-blocking,Disable Downloads Blocking,Prevents Windows from marking downloads with zone information (MOTW).,Risky,Security,Registry,WindowsOptimizer.App\Services\TweakProviders\SecurityTweakProvider.cs#L242,Docs/security/security-verified.md
security.disable-ntfs-encryption,Disable NTFS Encryption (EFS),Prevents EFS encryption on NTFS volumes to avoid accidental data lockouts.,Risky,Security,Registry,WindowsOptimizer.App\Services\TweakProviders\SecurityTweakProvider.cs#L182,Docs/security/security-verified.md
security.disable-p2p-updates,Disable P2P Updates,Disables Delivery Optimization peer-to-peer caching for updates.,Advanced,Security,Registry,WindowsOptimizer.App\Services\TweakProviders\SecurityTweakProvider.cs#L218,Docs/security/security-verified.md
security.disable-password-reveal,Disable Password Reveal Button,Hides the 'eye' icon button that reveals passwords in credential prompts.,Advanced,Security,Registry,WindowsOptimizer.App\Services\TweakProviders\SecurityTweakProvider.cs#L58,Docs/security/security-verified.md
security.disable-picture-password,Disable Picture Password Sign-In,Prevents domain users from using picture passwords for sign-in.,Advanced,Security,Registry,WindowsOptimizer.App\Services\TweakProviders\SecurityTweakProvider.cs#L70,Docs/security/security-verified.md
security.disable-remote-assistance,Disable Remote Assistance,Disables solicited Remote Assistance connections to reduce attack surface.,Risky,Security,Registry,WindowsOptimizer.App\Services\TweakProviders\SecurityTweakProvider.cs#L170,Docs/security/security-verified.md
security.disable-system-mitigations,Disable System Mitigations,Imports the documented Exploit Protection XML baseline that disables the researched system-wide mitigation bundle.,Risky,Security,Command,WindowsOptimizer.Engine\Tweaks\Commands\Security\DisableSystemMitigationsTweak.cs#L30,Docs/security/security-verified.md
security.disable-system-restore,Disable System Restore,Disables System Restore through the official machine policy surface.,Risky,Security,Registry,WindowsOptimizer.App\Services\TweakProviders\SecurityTweakProvider.cs#L230,Docs/security/security-verified.md
security.disable-uac,Disable UAC (Full),Disables User Account Control entirely. Requires a reboot and severely lowers system security.,Risky,Security,Command,WindowsOptimizer.Engine\Tweaks\Commands\Security\DisableUacFullTweak.cs#L18,Docs/security/security-verified.md
security.disable-vbs,Disable VBS (HVCI),Turns off virtualization-based security and memory integrity policies for lower latency.,Risky,Security,Registry,WindowsOptimizer.App\Services\TweakProviders\SecurityTweakProvider.cs#L113,Docs/security/security-verified.md
security.disable-windows-firewall,Disable Windows Firewall,Turns off Windows Defender Firewall for the documented Domain and Standard firewall policy profiles. Reference: Microsoft Defender Firewall Docs,Risky,Security,Registry,WindowsOptimizer.App\Services\TweakProviders\SecurityTweakProvider.cs#L99,Docs/security/security-verified.md
security.disable-windows-update,Disable Windows Update,Pauses updates and sets Windows Update policies to block access effectively till 2030.,Risky,Security,Registry,WindowsOptimizer.App\Services\TweakProviders\SecurityTweakProvider.cs#L141,Docs/security/security-verified.md
security.disable-wpbt,Disable WPBT Execution,Blocks Windows Platform Binary Table (WPBT) programs from running at startup (prevents BIOS-injected bloatware).,Advanced,Security,Registry,WindowsOptimizer.App\Services\TweakProviders\SecurityTweakProvider.cs#L128,Docs/security/security-verified.md
security.disable-wu-driver-updates,Disable WU Driver Updates,Stops Windows Update from offering driver updates and device metadata to prevent problematic driver overwrites.,Advanced,Security,Registry,WindowsOptimizer.App\Services\TweakProviders\SecurityTweakProvider.cs#L156,Docs/security/security-verified.md
security.enable-dynamic-lock,Enable Dynamic Lock,Automatically locks the device when the paired Bluetooth device is away.,Safe,Security,Registry,WindowsOptimizer.App\Services\TweakProviders\SecurityTweakProvider.cs#L82,Docs/security/security-verified.md
security.enable-sudo,Enable Windows Sudo,Enables the sudo for Windows feature with in-place elevation behavior.,Advanced,Security,Registry,WindowsOptimizer.App\Services\TweakProviders\SecurityTweakProvider.cs#L206,Docs/security/security-verified.md
security.powershell-unrestricted,Set PowerShell Policy to Unrestricted,Allows all PowerShell scripts to run without signing requirements. Very risky for general use.,Risky,Security,Registry,WindowsOptimizer.App\Services\TweakProviders\SecurityTweakProvider.cs#L194,Docs/security/security-verified.md
security.trusted-path-credential-prompting,Require Trusted Path for Credentials,Forces credential prompts to use the Secure Desktop to prevent interception.,Advanced,Security,Registry,WindowsOptimizer.App\Services\TweakProviders\SecurityTweakProvider.cs#L46,Docs/security/security-verified.md
security.uac-never-notify,Set UAC to Never Notify,Lowers User Account Control prompts to the least restrictive setting. Risky for security but reduces interruptions. Reference: Microsoft Security Baselines,Risky,Security,Registry,WindowsOptimizer.App\Services\TweakProviders\SecurityTweakProvider.cs#L29,Docs/security/security-verified.md
system-check-disk-health,Check Disk Health (C:),Performs a read-only check of the C: drive for file system errors without making any changes. Provides information about disk health and potential issues.,Safe,Other,Command,WindowsOptimizer.Engine\Tweaks\Commands\System\CheckDiskHealthTweak.cs#L14,Docs/tweaks/tweaks.md
system.aero-shake,Disable Aero Shake,Prevents windows from being minimized or restored when the active window is shaken back and forth with the mouse.,Safe,System,Registry,WindowsOptimizer.App\Services\TweakProviders\SystemTweakProvider.cs#L182,Docs/system/system.md
system.bsod-disable-auto-reboot,Disable Auto Reboot on Crash,Prevents automatic reboot after a crash to allow reading the BSOD.,Safe,System,Registry,WindowsOptimizer.App\Services\TweakProviders\SystemRegistryTweakProvider.cs#L408,Docs/system/system.md
system.bsod-display-parameters,Show BSOD Parameters,Displays additional crash parameters on the blue screen.,Safe,System,Registry,WindowsOptimizer.App\Services\TweakProviders\SystemRegistryTweakProvider.cs#L396,Docs/system/system.md
system.disable-app-archiving,Disable Automatic App Archiving,Stops Windows from archiving unused apps automatically.,Safe,System,Registry,WindowsOptimizer.App\Services\TweakProviders\SystemRegistryTweakProvider.cs#L506,Docs/system/system.md
system.disable-auto-maintenance,Disable Automatic Maintenance,Stops scheduled automatic maintenance tasks from running.,Advanced,System,Registry,WindowsOptimizer.App\Services\TweakProviders\SystemTweakProvider.cs#L246,Docs/system/system.md
system.disable-background-gp-updates,Disable Background Group Policy Updates,Prevents Group Policy from refreshing while users are active.,Advanced,System,Registry,WindowsOptimizer.App\Services\TweakProviders\SystemTweakProvider.cs#L234,Docs/system/system.md
system.disable-clipboard-history,Disable Clipboard History & Sync,Turns off clipboard history and cross-device clipboard synchronization.,Advanced,System,Registry,WindowsOptimizer.App\Services\TweakProviders\SystemTweakProvider.cs#L208,Docs/system/system.md
system.disable-clipboard-redirection,Disable Clipboard Redirection (RDP),Prevents clipboard sharing between remote desktop sessions and the local machine.,Advanced,System,Registry,WindowsOptimizer.App\Services\TweakProviders\SystemTweakProvider.cs#L222,Docs/system/system.md
system.disable-fullscreen-optimizations,Disable Fullscreen Optimizations,Disables fullscreen optimizations for more consistent exclusive fullscreen behavior.,Advanced,System,Registry,WindowsOptimizer.App\Services\TweakProviders\SystemRegistryTweakProvider.cs#L341,Docs/system/system.md
system.disable-jpeg-reduction,Disable JPEG Reduction,Sets the desktop wallpaper JPEG import quality to 100% to avoid compression artifacts.,Safe,System,Registry,WindowsOptimizer.App\Services\TweakProviders\SystemTweakProvider.cs#L195,Docs/system/system.md
system.disable-restartable-apps,Disable Restartable Apps,Prevents apps from automatically restarting after sign-in.,Safe,System,Registry,WindowsOptimizer.App\Services\TweakProviders\SystemTweakProvider.cs#L270,Docs/system/system.md
system.disable-scheduled-tasks,Disable Telemetry & Maintenance Tasks,"Disables dozens of scheduled tasks related to telemetry, data collection, and non-essential maintenance.",Risky,System,Task,WindowsOptimizer.App\Services\TweakProviders\SystemTweakProvider.cs#L87,Docs/system/system.md
system.disable-search-highlights-policy,Disable Search Highlights (Policy),Disables search highlights via policy for all users.,Advanced,System,Registry,WindowsOptimizer.App\Services\TweakProviders\SystemTweakProvider.cs#L321,Docs/system/system.md
system.disable-search-remote-queries,Disable Remote Search Queries,Prevents remote clients from querying this device's search index.,Safe,System,Registry,WindowsOptimizer.App\Services\TweakProviders\SystemRegistryTweakProvider.cs#L371,Docs/system/system.md
system.disable-search-web-results,Disable Web Search Results,Removes web results from Windows Search for all users.,Safe,System,Registry,WindowsOptimizer.App\Services\TweakProviders\SystemRegistryTweakProvider.cs#L359,Docs/system/system.md
system.disable-service-splitting,Disable Service Splitting,Prevents services from being split into separate svchost processes.,Advanced,System,Registry,WindowsOptimizer.App\Services\TweakProviders\SystemTweakProvider.cs#L333,Docs/system/system.md
system.disable-shortcut-arrow,Remove Shortcut Arrow Overlay,Removes the small arrow icon that appears on desktop shortcuts.,Safe,System,Registry,WindowsOptimizer.App\Services\TweakProviders\SystemTweakProvider.cs#L74,Docs/system/system.md
system.disable-startup-delay,Disable Startup Program Delay,Removes the artificial 10-second delay for startup programs to make boot feel faster.,Safe,System,Registry,WindowsOptimizer.App\Services\TweakProviders\SystemTweakProvider.cs#L48,Docs/system/system.md
system.disable-storage-sense,Disable Storage Sense,Turns off Storage Sense automatic cleanup.,Advanced,System,Registry,WindowsOptimizer.App\Services\TweakProviders\SystemTweakProvider.cs#L297,Docs/system/system.md
system.disable-storage-sense-temp-cleanup,Disable Storage Sense Temporary Files Cleanup,Prevents Storage Sense from deleting temporary files.,Advanced,System,Registry,WindowsOptimizer.App\Services\TweakProviders\SystemTweakProvider.cs#L309,Docs/system/system.md
system.disable-store-open-with,Disable Store in Open With,Removes the \,Advanced,System,Registry,WindowsOptimizer.App\Services\TweakProviders\SystemTweakProvider.cs#L258,Docs/system/system.md
system.dwm-disable-mpo,DWM: Disable Multiplane Overlay (MPO),Disables MPO to avoid flicker or driver issues on some systems.,Advanced,System,Registry,WindowsOptimizer.App\Services\TweakProviders\SystemRegistryTweakProvider.cs#L225,Docs/system/system.md
system.dwm-disable-overlay-min-fps,DWM: Disable Overlay Minimum FPS,Removes the minimum FPS requirement for overlay assignment.,Advanced,System,Registry,WindowsOptimizer.App\Services\TweakProviders\SystemRegistryTweakProvider.cs#L237,Docs/system/system.md
system.enable-game-mode,Enable Game Mode,Ensures Windows Game Mode is active for optimized resource allocation during gaming.,Safe,System,Registry,WindowsOptimizer.App\Services\TweakProviders\SystemTweakProvider.cs#L35,Docs/system/system.md
system.enable-hags,Enable Hardware-Accelerated GPU Scheduling,Lets the GPU handle its own scheduling for improved responsiveness.,Advanced,System,Registry,WindowsOptimizer.App\Services\TweakProviders\SystemTweakProvider.cs#L285,Docs/system/system.md
system.enable-indexing-encrypted-items,Enable Indexing of Encrypted Items,Allows encrypted files to be indexed by Windows Search.,Advanced,System,Registry,WindowsOptimizer.App\Services\TweakProviders\SystemRegistryTweakProvider.cs#L383,Docs/system/system.md
system.graphics-disable-overlays,Graphics: Disable Overlay Planes,Disables overlay planes to reduce composition issues in some configurations.,Advanced,System,Registry,WindowsOptimizer.App\Services\TweakProviders\SystemRegistryTweakProvider.cs#L212,Docs/system/system.md
system.graphics-page-fault-debug-mode,Graphics: Page Fault Debug Mode,Restores the graphics page-fault debug mode value Windows expects by default. Useful when undoing manual scheduler experiments.,Advanced,System,Registry,WindowsOptimizer.App\Services\TweakProviders\SystemRegistryTweakProvider.cs#L493,Docs/system/system.md
system.graphics-tdr-ddi-delay,Graphics: TDR DDI Delay (Default),Sets the DDI timeout delay (TdrDdiDelay) to the documented default.,Advanced,System,Registry,WindowsOptimizer.App\Services\TweakProviders\SystemRegistryTweakProvider.cs#L164,Docs/system/system.md
system.graphics-tdr-delay,Graphics: TDR Delay (Default),Sets the GPU timeout delay (TdrDelay) to the documented default.,Advanced,System,Registry,WindowsOptimizer.App\Services\TweakProviders\SystemRegistryTweakProvider.cs#L152,Docs/system/system.md
system.graphics-tdr-level,Graphics: TDR Level (Default),Sets the TDR recovery level to the documented default.,Advanced,System,Registry,WindowsOptimizer.App\Services\TweakProviders\SystemRegistryTweakProvider.cs#L176,Docs/system/system.md
system.graphics-tdr-limit-count,Graphics: TDR Limit Count (Default),Sets the TDR limit count to the documented default.,Advanced,System,Registry,WindowsOptimizer.App\Services\TweakProviders\SystemRegistryTweakProvider.cs#L188,Docs/system/system.md
system.graphics-tdr-limit-time,Graphics: TDR Limit Time (Default),Sets the TDR limit time to the documented default.,Advanced,System,Registry,WindowsOptimizer.App\Services\TweakProviders\SystemRegistryTweakProvider.cs#L200,Docs/system/system.md
system.kernel-adjust-dpc-threshold,Kernel: Adjust DPC Threshold,Sets the DPC threshold adjustment value to the documented default.,Advanced,System,Registry,WindowsOptimizer.App\Services\TweakProviders\SystemRegistryTweakProvider.cs#L31,Docs/system/system.md
system.kernel-cache-aware-scheduling,Kernel: Cache-Aware Scheduling,Restores Windows' documented cache-aware scheduling default so the scheduler stays aligned with normal CPU cache topology behavior.,Advanced,System,Registry,WindowsOptimizer.App\Services\TweakProviders\SystemRegistryTweakProvider.cs#L103,Docs/system/system.md
system.kernel-default-dynamic-hetero-cpu-policy,Kernel: Default Dynamic Hetero CPU Policy,Returns Windows' hybrid CPU scheduling policy to the documented default used for heterogeneous core systems.,Advanced,System,Registry,WindowsOptimizer.App\Services\TweakProviders\SystemRegistryTweakProvider.cs#L115,Docs/system/system.md
system.kernel-disable-low-qos-timer-resolution,Kernel: Disable Low QoS Timer Resolution,Disables low QoS timer resolution using the documented default value.,Advanced,System,Registry,WindowsOptimizer.App\Services\TweakProviders\SystemRegistryTweakProvider.cs#L139,Docs/system/system.md
system.kernel-dpc-queue-depth,Kernel: DPC Queue Depth,Sets the maximum DPC queue depth to the documented default.,Advanced,System,Registry,WindowsOptimizer.App\Services\TweakProviders\SystemRegistryTweakProvider.cs#L67,Docs/system/system.md
system.kernel-dpc-watchdog-period,Kernel: DPC Watchdog Period,Sets the DPC watchdog timeout to the documented default (milliseconds).,Advanced,System,Registry,WindowsOptimizer.App\Services\TweakProviders\SystemRegistryTweakProvider.cs#L79,Docs/system/system.md
system.kernel-ideal-dpc-rate,Kernel: Ideal DPC Rate,Sets the target DPC rate per second to the documented default.,Advanced,System,Registry,WindowsOptimizer.App\Services\TweakProviders\SystemRegistryTweakProvider.cs#L43,Docs/system/system.md
system.kernel-minimum-dpc-rate,Kernel: Minimum DPC Rate,Sets the minimum DPC rate threshold to the documented default.,Advanced,System,Registry,WindowsOptimizer.App\Services\TweakProviders\SystemRegistryTweakProvider.cs#L55,Docs/system/system.md
system.kernel-serialize-timer-expiration,Kernel: Serialize Timer Expiration,Enables timer serialization using the documented default value.,Advanced,System,Registry,WindowsOptimizer.App\Services\TweakProviders\SystemRegistryTweakProvider.cs#L91,Docs/system/system.md
system.kernel-thread-dpc-enable,Kernel: Threaded DPC Enable,Enables threaded DPCs using the documented default value.,Advanced,System,Registry,WindowsOptimizer.App\Services\TweakProviders\SystemRegistryTweakProvider.cs#L127,Docs/system/system.md
system.memory-clear-pagefile-at-shutdown,Clear Page File at Shutdown,Clears the page file on shutdown for privacy (slower shutdown).,Advanced,System,Registry,WindowsOptimizer.App\Services\TweakProviders\SystemRegistryTweakProvider.cs#L421,Docs/system/system.md
system.memory-disable-paging-executive,Disable Paging Executive,Keeps kernel and drivers in RAM (requires sufficient memory).,Advanced,System,Registry,WindowsOptimizer.App\Services\TweakProviders\SystemRegistryTweakProvider.cs#L433,Docs/system/system.md
system.memory-large-system-cache-client,Memory: Use Client System Cache,Keeps memory behavior on the normal desktop/client default so Windows favors applications instead of file-server style caching.,Advanced,System,Registry,WindowsOptimizer.App\Services\TweakProviders\SystemRegistryTweakProvider.cs#L445,Docs/system/system.md
system.memory-nonpaged-pool-dynamic,Memory: Reset Non-Paged Pool Size,Returns kernel non-paged pool allocation to the Windows-managed dynamic default. This is mainly a rollback-to-default style setting.,Risky,System,Registry,WindowsOptimizer.App\Services\TweakProviders\SystemRegistryTweakProvider.cs#L469,Docs/system/system.md
system.memory-paged-pool-dynamic,Memory: Reset Paged Pool Size,Returns kernel paged pool allocation to the Windows-managed dynamic default. Use this when a manual pool tweak should be undone.,Risky,System,Registry,WindowsOptimizer.App\Services\TweakProviders\SystemRegistryTweakProvider.cs#L457,Docs/system/system.md
system.memory-registry-quota-default,Memory: Reset Registry Quota,Restores registry quota to the documented default so the registry goes back to normal Windows sizing behavior.,Advanced,System,Registry,WindowsOptimizer.App\Services\TweakProviders\SystemRegistryTweakProvider.cs#L481,Docs/system/system.md
system.ntfs-disable-8dot3,Disable 8.3 Name Creation,Stops NTFS from creating 8.3 short file names on all volumes.,Advanced,System,Registry,WindowsOptimizer.App\Services\TweakProviders\SystemRegistryTweakProvider.cs#L250,Docs/system/system.md
system.ntfs-disable-last-access,Disable Last Access Updates,Disables last access timestamp updates to reduce disk I/O.,Safe,System,Registry,WindowsOptimizer.App\Services\TweakProviders\SystemRegistryTweakProvider.cs#L262,Docs/system/system.md
system.ntfs-enable-long-paths,Enable Win32 Long Paths,Allows Win32 long paths for applications that opt in.,Safe,System,Registry,WindowsOptimizer.App\Services\TweakProviders\SystemRegistryTweakProvider.cs#L274,Docs/system/system.md
system.ntfs-reset-memory-usage,Reset NTFS Memory Usage,Resets NTFS memory usage back to the Windows default.,Safe,System,Registry,WindowsOptimizer.App\Services\TweakProviders\SystemRegistryTweakProvider.cs#L286,Docs/system/system.md
system.ntfs-reset-mft-zone,Reset NTFS MFT Zone Reservation,Resets the MFT zone reservation back to the Windows default.,Safe,System,Registry,WindowsOptimizer.App\Services\TweakProviders\SystemRegistryTweakProvider.cs#L298,Docs/system/system.md
system.priority-control,Set Foreground Scheduling Priority,Sets Win32PrioritySeparation to the Windows default (0x26) for balanced foreground boost.,Advanced,System,Registry,WindowsOptimizer.App\Services\TweakProviders\SystemRegistryTweakProvider.cs#L18,Docs/system/system.md
system.reduce-shutdown-timeouts,Reduce Shutdown Timeouts,Shortens shutdown wait times for faster logoff and shutdown.,Advanced,System,Registry,WindowsOptimizer.App\Services\TweakProviders\SystemRegistryTweakProvider.cs#L311,Docs/system/system.md
system.services.disable-bluetooth-audio-gateway,Disable Bluetooth Audio Gateway Service,Disables the Bluetooth Audio Gateway service.,Unknown,System,Service,WindowsOptimizer.App\Services\TweakProviders\SystemTweakProvider.cs#L176,Docs/system/system.md
system.services.disable-bluetooth-support,Disable Bluetooth Support Service,Disables the main Bluetooth support service.,Unknown,System,Service,WindowsOptimizer.App\Services\TweakProviders\SystemTweakProvider.cs#L164,Docs/system/system.md
system.services.disable-bluetooth-user-service,Disable Bluetooth User Service,Disables per-user Bluetooth services.,Unknown,System,Service,WindowsOptimizer.App\Services\TweakProviders\SystemTweakProvider.cs#L170,Docs/system/system.md
system.services.disable-connected-user-experiences,Disable Connected User Experiences Service,Disables the Connected User Experiences and Telemetry service (DiagTrack).,Unknown,System,Service,WindowsOptimizer.App\Services\TweakProviders\SystemTweakProvider.cs#L104,Docs/system/system.md
system.services.disable-print-device-configuration,Disable Print Device Configuration Service,Disables the printer device configuration service.,Unknown,System,Service,WindowsOptimizer.App\Services\TweakProviders\SystemTweakProvider.cs#L152,Docs/system/system.md
system.services.disable-print-notifications,Disable Print Notification Service,Disables the printer notification service.,Unknown,System,Service,WindowsOptimizer.App\Services\TweakProviders\SystemTweakProvider.cs#L140,Docs/system/system.md
system.services.disable-print-scan-broker,Disable Print Scan Broker Service,Disables the print and scan broker service.,Unknown,System,Service,WindowsOptimizer.App\Services\TweakProviders\SystemTweakProvider.cs#L158,Docs/system/system.md
system.services.disable-print-spooler,Disable Print Spooler Service,Disables the Print Spooler service.,Unknown,System,Service,WindowsOptimizer.App\Services\TweakProviders\SystemTweakProvider.cs#L134,Docs/system/system.md
system.services.disable-print-workflow-user-service,Disable Print Workflow User Service,Disables per-user print workflow services.,Unknown,System,Service,WindowsOptimizer.App\Services\TweakProviders\SystemTweakProvider.cs#L146,Docs/system/system.md
system.services.disable-sysmain,Disable SysMain Service,Disables the SysMain (Superfetch) service.,Unknown,System,Service,WindowsOptimizer.App\Services\TweakProviders\SystemTweakProvider.cs#L116,Docs/system/system.md
system.services.disable-wap-push-routing,Disable WAP Push Routing Service,Disables the WAP Push Message Routing service.,Unknown,System,Service,WindowsOptimizer.App\Services\TweakProviders\SystemTweakProvider.cs#L110,Docs/system/system.md
system.services.disable-windows-error-reporting,Disable Windows Error Reporting Service,Disables the Windows Error Reporting service.,Unknown,System,Service,WindowsOptimizer.App\Services\TweakProviders\SystemTweakProvider.cs#L128,Docs/system/system.md
system.services.disable-windows-search,Disable Windows Search Service,Disables the Windows Search indexing service.,Unknown,System,Service,WindowsOptimizer.App\Services\TweakProviders\SystemTweakProvider.cs#L122,Docs/system/system.md
system.verbose-status-messages,Enable Verbose Status Messages,"Shows detailed status messages during startup, shutdown, logon, and logoff.",Safe,System,Registry,WindowsOptimizer.App\Services\TweakProviders\SystemTweakProvider.cs#L61,Docs/system/system.md
visibility.default-account-picture,Use Default Account Picture,Forces the default account picture for all users on this device.,Advanced,Visibility,Registry,WindowsOptimizer.App\Services\TweakProviders\VisibilityTweakProvider.cs#L134,Docs/visibility/visibility.md
visibility.disable-acrylic-logon,Disable Acrylic Logon Background,Disables the acrylic blur on the logon background image.,Advanced,Visibility,Registry,WindowsOptimizer.App\Services\TweakProviders\VisibilityTweakProvider.cs#L360,Docs/visibility/visibility.md
visibility.disable-common-control-animations,Disable Common Control Animations,Turns off common control and window animations for the current user.,Safe,Visibility,Registry,WindowsOptimizer.App\Services\TweakProviders\VisibilityTweakProvider.cs#L109,Docs/visibility/visibility.md
visibility.disable-first-signin-animation,Disable First Sign-In Animation,Skips the first sign-in animation and Microsoft account opt-in prompt.,Advanced,Visibility,Registry,WindowsOptimizer.App\Services\TweakProviders\VisibilityTweakProvider.cs#L158,Docs/visibility/visibility.md
visibility.disable-lock-screen,Disable Lock Screen,Skips the lock screen and goes directly to the sign-in screen.,Advanced,Visibility,Registry,WindowsOptimizer.App\Services\TweakProviders\VisibilityTweakProvider.cs#L300,Docs/visibility/visibility.md
visibility.disable-lock-screen-camera,Disable Lock Screen Camera,Prevents the lock screen camera from being invoked.,Advanced,Visibility,Registry,WindowsOptimizer.App\Services\TweakProviders\VisibilityTweakProvider.cs#L312,Docs/visibility/visibility.md
visibility.disable-lock-screen-changes,Prevent Changing Lock Screen,Prevents users from changing the lock screen image.,Advanced,Visibility,Registry,WindowsOptimizer.App\Services\TweakProviders\VisibilityTweakProvider.cs#L348,Docs/visibility/visibility.md
visibility.disable-lock-screen-motion,Disable Lock Screen Background Motion,Stops the subtle motion effect on the lock screen background.,Advanced,Visibility,Registry,WindowsOptimizer.App\Services\TweakProviders\VisibilityTweakProvider.cs#L336,Docs/visibility/visibility.md
visibility.disable-lock-screen-slideshow,Disable Lock Screen Slideshow,Prevents lock screen slideshows from running.,Advanced,Visibility,Registry,WindowsOptimizer.App\Services\TweakProviders\VisibilityTweakProvider.cs#L324,Docs/visibility/visibility.md
visibility.disable-spotlight-action-center,Disable Windows Spotlight on Action Center,Stops Windows Spotlight notifications in Action Center.,Safe,Visibility,Registry,WindowsOptimizer.App\Services\TweakProviders\VisibilityTweakProvider.cs#L247,Docs/visibility/visibility.md
visibility.disable-spotlight-desktop-collection,Disable Spotlight Collection on Desktop,Removes the Spotlight collection option for desktop backgrounds.,Safe,Visibility,Registry,WindowsOptimizer.App\Services\TweakProviders\VisibilityTweakProvider.cs#L273,Docs/visibility/visibility.md
visibility.disable-spotlight-features,Disable Windows Spotlight Features,Turns off Windows Spotlight features for the current user.,Safe,Visibility,Registry,WindowsOptimizer.App\Services\TweakProviders\VisibilityTweakProvider.cs#L221,Docs/visibility/visibility.md
visibility.disable-spotlight-settings,Disable Windows Spotlight on Settings,Stops Windows Spotlight suggestions in Settings.,Safe,Visibility,Registry,WindowsOptimizer.App\Services\TweakProviders\VisibilityTweakProvider.cs#L260,Docs/visibility/visibility.md
visibility.disable-spotlight-third-party,Disable Spotlight Third-Party Suggestions,Stops Windows Spotlight from suggesting third-party content.,Safe,Visibility,Registry,WindowsOptimizer.App\Services\TweakProviders\VisibilityTweakProvider.cs#L286,Docs/visibility/visibility.md
visibility.disable-spotlight-welcome,Disable Windows Spotlight Welcome Experience,Disables the Windows Spotlight welcome experience.,Safe,Visibility,Registry,WindowsOptimizer.App\Services\TweakProviders\VisibilityTweakProvider.cs#L234,Docs/visibility/visibility.md
visibility.disable-wcn-wizards,Disable Windows Connect Now Wizards,Disables Windows Connect Now setup wizards for wireless and device setup.,Advanced,Visibility,Registry,WindowsOptimizer.App\Services\TweakProviders\VisibilityTweakProvider.cs#L146,Docs/visibility/visibility.md
visibility.disable-widgets,Disable Widgets (Policy),Disables the Widgets/News and Interests feature via policy.,Advanced,Visibility,Registry,WindowsOptimizer.App\Services\TweakProviders\VisibilityTweakProvider.cs#L183,Docs/visibility/visibility.md
visibility.disable-window-animations,Disable Window Animations,Disables window animations like minimize and restore.,Advanced,Visibility,Registry,WindowsOptimizer.App\Services\TweakProviders\VisibilityTweakProvider.cs#L122,Docs/visibility/visibility.md
visibility.force-classic-control-panel,Force Classic Control Panel View,Always open Control Panel in the icon view.,Safe,Visibility,Registry,WindowsOptimizer.App\Services\TweakProviders\VisibilityTweakProvider.cs#L385,Docs/visibility/visibility.md
visibility.hide-language-bar,Hide Language Bar,Hides the language bar UI for the current user.,Safe,Visibility,Registry,WindowsOptimizer.App\Services\TweakProviders\VisibilityTweakProvider.cs#L170,Docs/visibility/visibility.md
visibility.hide-most-used-apps,Hide Most Used Apps,Forces the Start menu Most used list to stay hidden.,Advanced,Visibility,Registry,WindowsOptimizer.App\Services\TweakProviders\VisibilityTweakProvider.cs#L195,Docs/visibility/visibility.md
visibility.hide-people-bar,Hide People Bar,Removes the People Bar from the taskbar.,Advanced,Visibility,Registry,WindowsOptimizer.App\Services\TweakProviders\VisibilityTweakProvider.cs#L207,Docs/visibility/visibility.md
visibility.restore-classic-context-menu,Restore Classic Context Menu,Restores the Windows 10 style context menu on Windows 11.,Safe,Visibility,Registry,WindowsOptimizer.App\Services\TweakProviders\VisibilityTweakProvider.cs#L372,Docs/visibility/visibility.md
