id,name,call,documented,missing_tokens,source,tokens
audio.disable-beep,Disable System Beep,CreateRegistryTweak,yes,SYSTEM\CurrentControlSet\Services\Beep,WindowsOptimizer.App/Services/TweakProviders/AudioTweakProvider.cs#L22,SYSTEM\CurrentControlSet\Services\Beep;Start
audio.disable-ducking,Disable Audio Ducking,CreateRegistryTweak,yes,,WindowsOptimizer.App/Services/TweakProviders/LegacyTweakProvider.cs#L398,Software\Microsoft\Multimedia\Audio;UserDuckingPreference
audio.disable-spatial-audio,Disable Spatial Audio,CreateRegistryTweak,yes,,WindowsOptimizer.App/Services/TweakProviders/LegacyTweakProvider.cs#L431,SOFTWARE\Microsoft\Windows\CurrentVersion\Audio;DisableSpatialOnLowLatency
audio.disable-system-sounds,Disable System Sounds,CreateRegistryValueBatchTweak,yes,,WindowsOptimizer.App/Services/TweakProviders/LegacyTweakProvider.cs#L441,AppEvents\Schemes\Apps\.Default\SystemAsterisk\.Current;AppEvents\Schemes\Apps\.Default\Notification.Reminder\.Current;AppEvents\Schemes\Apps\.Default\Close\.Current;AppEvents\Schemes\Apps\.Default\CriticalBatteryAlarm\.Current;AppEvents\Schemes\Apps\.Default\SystemHand\.Current;AppEvents\Schemes\Apps\.Default\.Default\.Current;AppEvents\Schemes\Apps\.Default\MailBeep\.Current;AppEvents\Schemes\Apps\.Default\DeviceConnect\.Current;AppEvents\Schemes\Apps\.Default\DeviceDisconnect\.Current;AppEvents\Schemes\Apps\.Default\DeviceFail\.Current;AppEvents\Schemes\Apps\.Default\SystemExclamation\.Current;AppEvents\Schemes\Apps\.Default\Notification.IM\.Current;AppEvents\Schemes\Apps\.Default\LowBatteryAlarm\.Current;AppEvents\Schemes\Apps\.Default\Maximize\.Current;AppEvents\Schemes\Apps\.Default\MenuCommand\.Current;AppEvents\Schemes\Apps\.Default\MenuPopup\.Current;AppEvents\Schemes\Apps\.Default\MessageNudge\.Current;AppEvents\Schemes\Apps\.Default\Minimize\.Current;AppEvents\Schemes\Apps\.Default\FaxBeep\.Current;AppEvents\Schemes\Apps\.Default\Notification.Mail\.Current;AppEvents\Schemes\Apps\.Default\Notification.SMS\.Current;AppEvents\Schemes\Apps\.Default\Notification.Proximity\.Current;AppEvents\Schemes\Apps\.Default\ProximityConnection\.Current;AppEvents\Schemes\Apps\.Default\Notification.Default\.Current;AppEvents\Schemes\Apps\.Default\Open\.Current;AppEvents\Schemes\Apps\.Default\PrintComplete\.Current;AppEvents\Schemes\Apps\.Default\AppGPFault\.Current;AppEvents\Schemes\Apps\.Default\SystemQuestion\.Current;AppEvents\Schemes\Apps\.Default\RestoreDown\.Current;AppEvents\Schemes\Apps\.Default\RestoreUp\.Current;AppEvents\Schemes\Apps\.Default\CCSelect\.Current;AppEvents\Schemes\Apps\.Default\ShowBand\.Current;AppEvents\Schemes\Apps\.Default\SystemNotification\.Current;AppEvents\Schemes\Apps\.Default\ChangeTheme\.Current;AppEvents\Schemes\Apps\.Default\WindowsUAC\.Current;AppEvents\Schemes\Apps\Explorer\BlockedPopup\.current;AppEvents\Schemes\Apps\Explorer\ActivatingDocument\.Current;AppEvents\Schemes\Apps\Explorer\EmptyRecycleBin\.Current;AppEvents\Schemes\Apps\Explorer\FeedDiscovered\.current;AppEvents\Schemes\Apps\Explorer\MoveMenuItem\.Current;AppEvents\Schemes\Apps\Explorer\SecurityBand\.current;AppEvents\Schemes\Apps\Explorer\Navigating\.Current;AppEvents\Schemes\Apps\sapisvr\DisNumbersSound\.current;AppEvents\Schemes\Apps\sapisvr\PanelSound\.current;AppEvents\Schemes\Apps\sapisvr\MisrecoSound\.current;AppEvents\Schemes\Apps\sapisvr\HubOffSound\.current;AppEvents\Schemes\Apps\sapisvr\HubOnSound\.current;AppEvents\Schemes\Apps\sapisvr\HubSleepSound\.current
audio.show-disconnected-devices,Show Disconnected Audio Devices,CreateRegistryTweak,yes,,WindowsOptimizer.App/Services/TweakProviders/LegacyTweakProvider.cs#L420,Software\Microsoft\Multimedia\Audio\DeviceCpl;ShowDisconnectedDevices
audio.show-hidden-devices,Show Hidden Audio Devices,CreateRegistryTweak,yes,,WindowsOptimizer.App/Services/TweakProviders/LegacyTweakProvider.cs#L409,Software\Microsoft\Multimedia\Audio\DeviceCpl;ShowHiddenDevices
cleanup.background-history,Clear Wallpaper History,base,yes,,WindowsOptimizer.Engine/Tweaks/Commands/Cleanup/ClearBackgroundHistoryTweak.cs#L14,Clear Wallpaper History;Clears the personalization wallpaper history registry entries and cached background files.
cleanup.component-store,Cleanup Component Store,base,yes,Cleans up the Windows component store (WinSxS folder) to free up disk space. This is a safe operation that removes superseded components and reduces the size of the component store.,WindowsOptimizer.Engine/Tweaks/Commands/Cleanup/CleanupComponentStoreTweak.cs#L14,Cleanup Component Store;Cleans up the Windows component store (WinSxS folder) to free up disk space. This is a safe operation that removes superseded components and reduces the size of the component store.
cleanup.delivery-optimization,Clear Delivery Optimization Files,base,yes,,WindowsOptimizer.Engine/Tweaks/Commands/Cleanup/ClearDeliveryOptimizationFilesTweak.cs#L14,Clear Delivery Optimization Files;Deletes Delivery Optimization cache used for Windows Update P2P sharing. The DoSvc service will be stopped.
cleanup.directx-shader-cache,Clear DirectX Shader Cache,base,yes,,WindowsOptimizer.Engine/Tweaks/Commands/Cleanup/ClearDirectXShaderCacheTweak.cs#L11,"Clear DirectX Shader Cache;Clears DirectX and vendor shader caches (NVIDIA, AMD, Intel). Shaders will be recompiled on next app launch."
cleanup.disable-reserved-storage,Disable Reserved Storage,base,yes,"Disables Windows Reserved Storage, which reserves about 7GB of disk space for Windows updates and temporary files. Only recommended if you have limited disk space and understand the implications.",WindowsOptimizer.Engine/Tweaks/Commands/Cleanup/DisableReservedStorageTweak.cs#L14,"Disable Reserved Storage;Disables Windows Reserved Storage, which reserves about 7GB of disk space for Windows updates and temporary files. Only recommended if you have limited disk space and understand the implications."
cleanup.eventlog-{logName.ToLowerInvariant()},Clear {logName} Event Log,base,yes,,WindowsOptimizer.Engine/Tweaks/Commands/Cleanup/ClearEventLogsTweak.cs#L15,Clear {logName} Event Log;Clears the Windows {logName} event log. WARNING: Logs cannot be recovered after clearing.
cleanup.font-cache,Clear Font Cache,base,yes,,WindowsOptimizer.Engine/Tweaks/Commands/Cleanup/ClearFontCacheTweak.cs#L14,Clear Font Cache;Clears the Windows font cache. Use this if fonts are not rendering properly. The FontCache service will be stopped and restarted.
cleanup.internet-temp-files,Clear Temporary Internet Files,base,yes,,WindowsOptimizer.Engine/Tweaks/Commands/Cleanup/ClearTemporaryInternetFilesTweak.cs#L11,"Clear Temporary Internet Files;Clears legacy WinINet cache (INetCache, INetCookies, WebCache, History). Used by Explorer, old Control Panel, and some installers."
cleanup.memory-dumps,Clear Memory Dump Files,base,yes,,WindowsOptimizer.Engine/Tweaks/Commands/Cleanup/ClearMemoryDumpFilesTweak.cs#L11,Clear Memory Dump Files;Deletes BSoD memory dump files (MEMORY.DMP). These can be several GB in size.
cleanup.prefetch-files,Clear Prefetch Files,base,yes,,WindowsOptimizer.Engine/Tweaks/Commands/Cleanup/ClearPrefetchFilesTweak.cs#L11,Clear Prefetch Files;Clears Windows prefetch files used for application launch optimization. Files will be regenerated over time.
cleanup.product-key,Remove Product Key from Registry,base,yes,,WindowsOptimizer.Engine/Tweaks/Commands/Cleanup/RemoveProductKeyTweak.cs#L14,Remove Product Key from Registry;Removes the Windows product key from the registry to prevent theft by malicious code. The key can be reactivated if needed.
cleanup.recycle-bin,Empty Recycle Bin,base,yes,,WindowsOptimizer.Engine/Tweaks/Commands/Cleanup/ClearRecycleBinTweak.cs#L14,Empty Recycle Bin;Empties the Recycle Bin for all drives. Files cannot be recovered after deletion.
cleanup.shadow-copies,Clear Shadow Copies,base,yes,Removes all shadow copies (volume backups) to free up disk space. WARNING: This permanently removes System Restore points and volume snapshots.,WindowsOptimizer.Engine/Tweaks/Commands/Cleanup/ClearShadowCopiesTweak.cs#L14,Clear Shadow Copies;Removes all shadow copies (volume backups) to free up disk space. WARNING: This permanently removes System Restore points and volume snapshots.
cleanup.srum-data,Clear SRUM Database,base,yes,,WindowsOptimizer.Engine/Tweaks/Commands/Cleanup/ClearSRUMDataTweak.cs#L11,"Clear SRUM Database;Deletes the System Resource Usage Monitor (SRUM) database which tracks app, service, and network usage."
cleanup.temp-files,Clear Temporary Files,base,yes,,WindowsOptimizer.Engine/Tweaks/Commands/Cleanup/ClearTemporaryFilesTweak.cs#L11,Clear Temporary Files;Deletes temporary files from user and system temp folders. Files in use will be skipped.
cleanup.thumbnail-cache,Clear Thumbnail Cache,base,yes,,WindowsOptimizer.Engine/Tweaks/Commands/Cleanup/ClearThumbnailCacheTweak.cs#L11,Clear Thumbnail Cache;Clears Explorer thumbnail cache files. Thumbnails will be regenerated when needed.
cleanup.wer-files,Clear Windows Error Reporting Files,base,yes,,WindowsOptimizer.Engine/Tweaks/Commands/Cleanup/ClearWERFilesTweak.cs#L11,Clear Windows Error Reporting Files;Deletes Windows Error Reporting (WER) crash dumps and report metadata from system and user folders.
cleanup.windows-old,Delete Windows.old Folder,base,yes,Removes previous Windows installation files from Windows.old. WARNING: You will not be able to roll back to the previous Windows version after deletion.,WindowsOptimizer.Engine/Tweaks/Commands/Cleanup/ClearWindowsOldTweak.cs#L11,Delete Windows.old Folder;Removes previous Windows installation files from Windows.old. WARNING: You will not be able to roll back to the previous Windows version after deletion.
cleanup.windows-update-cache,Clear Windows Update Cache,base,yes,,WindowsOptimizer.Engine/Tweaks/Commands/Cleanup/ClearWindowsUpdateCacheTweak.cs#L11,Clear Windows Update Cache;Resets Windows Update cache (SoftwareDistribution and catroot2). Use this to fix update loops. Update catalog metadata will be redownloaded.
explorer.disable-compact-mode,Enable Compact View,CreateRegistryTweak,yes,UseCompactMode,WindowsOptimizer.App/Services/TweakProviders/VisibilityTweakProvider.cs#L57,Software\Microsoft\Windows\CurrentVersion\Explorer\Advanced;UseCompactMode
explorer.disable-low-disk-space-warning,Disable Low Disk Space Warning,CreateRegistryTweak,yes,NoLowDiskSpaceChecks,WindowsOptimizer.App/Services/TweakProviders/VisibilityTweakProvider.cs#L110,Software\Microsoft\Windows\CurrentVersion\Policies\Explorer;NoLowDiskSpaceChecks
explorer.disable-taskbar-chat,Disable Taskbar Chat Icon,CreateRegistryTweak,yes,TaskbarMn,WindowsOptimizer.App/Services/TweakProviders/VisibilityTweakProvider.cs#L84,Software\Microsoft\Windows\CurrentVersion\Explorer\Advanced;TaskbarMn
explorer.disable-taskbar-widgets,Disable Taskbar Widgets Icon,CreateRegistryTweak,yes,,WindowsOptimizer.App/Services/TweakProviders/VisibilityTweakProvider.cs#L97,Software\Microsoft\Windows\CurrentVersion\Explorer\Advanced;TaskbarDa
explorer.show-file-extensions,Show File Extensions,CreateRegistryTweak,yes,,WindowsOptimizer.App/Services/TweakProviders/VisibilityTweakProvider.cs#L31,Software\Microsoft\Windows\CurrentVersion\Explorer\Advanced;HideFileExt
explorer.show-full-path,Show Full Path in Title Bar,CreateRegistryTweak,yes,FullPath,WindowsOptimizer.App/Services/TweakProviders/VisibilityTweakProvider.cs#L44,Software\Microsoft\Windows\CurrentVersion\Explorer\CabinetState;FullPath
explorer.show-hidden-files,Show Hidden Files and Folders,CreateRegistryTweak,yes,,WindowsOptimizer.App/Services/TweakProviders/VisibilityTweakProvider.cs#L18,Software\Microsoft\Windows\CurrentVersion\Explorer\Advanced;Hidden
explorer.taskbar-alignment-left,Align Taskbar to Left,CreateRegistryTweak,yes,,WindowsOptimizer.App/Services/TweakProviders/VisibilityTweakProvider.cs#L71,Software\Microsoft\Windows\CurrentVersion\Explorer\Advanced;TaskbarAl
misc.disable-edge-features,Disable Microsoft Edge Features,RegistryValueBatchTweak,yes,"Disables telemetry, personalization, sync, sidebar, shopping, rewards, and various other Edge features. Also disables Windows 8/8.1 EdgeUI features.",WindowsOptimizer.Engine/Tweaks/Misc/DisableEdgeFeaturesTweaks.cs#L88,"Disable Microsoft Edge Features;Disables telemetry, personalization, sync, sidebar, shopping, rewards, and various other Edge features. Also disables Windows 8/8.1 EdgeUI features."
misc.disable-office-telemetry,Disable Microsoft Office Telemetry,RegistryValueBatchTweak,yes,,WindowsOptimizer.Engine/Tweaks/Misc/DisableOfficeTelemetryTweak.cs#L51,"Disable Microsoft Office Telemetry;Disables Office telemetry logging, data collection, CEIP opt-in, feedback collection, and telemetry agent tasks for all Office applications."
misc.disable-onedrive,Disable OneDrive,RegistryValueBatchTweak,yes,,WindowsOptimizer.Engine/Tweaks/Misc/DisableOneDriveTweaks.cs#L36,"Disable OneDrive;Completely disables OneDrive sync, hides it from File Explorer, and prevents network traffic before user sign-in."
misc.disable-search-web-results,Disable Search Web Results,CreateRegistryTweak,yes,,WindowsOptimizer.App/Services/TweakProviders/MiscTweakProvider.cs#L44,Software\Policies\Microsoft\Windows\Explorer;DisableSearchBoxSuggestions
misc.disable-visual-studio-telemetry,Disable Visual Studio Telemetry,RegistryValueBatchTweak,yes,,WindowsOptimizer.Engine/Tweaks/Misc/DisableVisualStudioTelemetryTweak.cs#L37,"Disable Visual Studio Telemetry;Disables Visual Studio telemetry, SQM data collection, IntelliCode remote analysis, and feedback features for VS 2015-2022."
misc.notepadplusplus-default-editor,Set Notepad++ as Default Editor,RegistryValueBatchTweak,yes,,WindowsOptimizer.Engine/Tweaks/Misc/SetNotepadPlusPlusDefaultEditorTweak.cs#L22,Set Notepad++ as Default Editor;Sets Notepad++ as the default editor for batch files and text files. Requires Notepad++ to be installed.
misc.optimize-7zip-settings,Optimize 7-Zip Context Menu Settings,RegistryValueBatchTweak,yes,"Configures 7-Zip with optimal settings: cascaded menu, eliminate duplicate extraction folders, show icons in context menu, and propagate Zone.Id stream for Office files.",WindowsOptimizer.Engine/Tweaks/Misc/SevenZipSettingsTweak.cs#L54,"Optimize 7-Zip Context Menu Settings;Configures 7-Zip with optimal settings: cascaded menu, eliminate duplicate extraction folders, show icons in context menu, and propagate Zone.Id stream for Office files."
network.disable-active-probing,Disable Active Probing,CreateRegistryValueBatchTweak,yes,,WindowsOptimizer.App/Services/TweakProviders/LegacyTweakProvider.cs#L902,Software\Policies\Microsoft\Windows\NetworkConnectivityStatusIndicator;NoActiveProbe;SOFTWARE\Microsoft\PolicyManager\default\Connectivity;DisallowNetworkConnectivityActiveTests;System\CurrentControlSet\Services\NlaSvc\Parameters\Internet;EnableUserActiveProbing;System\CurrentControlSet\Services\NlaSvc\Parameters\Internet;MaxActiveProbes
network.disable-default-shares,Disable Default Shares,CreateRegistryValueBatchTweak,yes,,WindowsOptimizer.App/Services/TweakProviders/LegacyTweakProvider.cs#L713,System\CurrentControlSet\Services\LanmanServer\Parameters;AutoShareServer;System\CurrentControlSet\Services\LanmanServer\Parameters;AutoShareWks
network.disable-ipv6,Disable IPv6,CreateRegistryTweak,yes,SYSTEM\CurrentControlSet\Services\Tcpip6\Parameters,WindowsOptimizer.App/Services/TweakProviders/NetworkTweakProvider.cs#L64,SYSTEM\CurrentControlSet\Services\Tcpip6\Parameters;DisabledComponents
network.disable-llmnr,Disable LLMNR,CreateRegistryTweak,yes,,WindowsOptimizer.App/Services/TweakProviders/LegacyTweakProvider.cs#L844,Software\Policies\Microsoft\Windows NT\DNSClient;EnableMulticast
network.disable-lltd,Disable Network Discovery (LLTD),CreateRegistryValueSetTweak,yes,,WindowsOptimizer.App/Services/TweakProviders/LegacyTweakProvider.cs#L884,Software\Policies\Microsoft\Windows\LLTD
network.disable-mdns,Disable mDNS,CreateRegistryTweak,yes,,WindowsOptimizer.App/Services/TweakProviders/LegacyTweakProvider.cs#L854,Software\Policies\Microsoft\Windows NT\DNSClient;EnableMDNS
network.disable-netbios,Disable NetBIOS over TCP/IP,CreateRegistryTweak,yes,NoNameReleaseOnDemand,WindowsOptimizer.App/Services/TweakProviders/NetworkTweakProvider.cs#L76,SYSTEM\CurrentControlSet\Services\NetBT\Parameters;NoNameReleaseOnDemand
network.disable-netbios-resolution,Disable NetBIOS Name Resolution,CreateRegistryTweak,yes,,WindowsOptimizer.App/Services/TweakProviders/LegacyTweakProvider.cs#L864,Software\Policies\Microsoft\Windows NT\DNSClient;EnableNetbios
network.disable-plaintext-smb-passwords,Disable Plaintext SMB Passwords,CreateRegistryTweak,yes,,WindowsOptimizer.App/Services/TweakProviders/LegacyTweakProvider.cs#L944,System\CurrentControlSet\Services\LanmanWorkstation\Parameters;EnablePlainTextPassword
network.disable-smart-name-resolution,Disable Smart Multi-Homed Name Resolution,CreateRegistryTweak,yes,,WindowsOptimizer.App/Services/TweakProviders/LegacyTweakProvider.cs#L874,Software\Policies\Microsoft\Windows NT\DNSClient;DisableSmartNameResolution
network.disable-smb1,Disable SMBv1,CreateRegistryTweak,yes,,WindowsOptimizer.App/Services/TweakProviders/LegacyTweakProvider.cs#L723,System\CurrentControlSet\Services\LanmanServer\Parameters;SMB1
network.disable-smb2,Disable SMBv2/SMBv3,CreateRegistryTweak,yes,,WindowsOptimizer.App/Services/TweakProviders/LegacyTweakProvider.cs#L733,System\CurrentControlSet\Services\LanmanServer\Parameters;SMB2
network.disable-wifi-sense,Disable Wi-Fi Sense,CreateRegistryTweak,yes,,WindowsOptimizer.App/Services/TweakProviders/NetworkTweakProvider.cs#L88,SOFTWARE\Microsoft\WcmSvc\wifinetworkmanager\config;AutoConnectAllowedOEM
network.enable-lltd-responder,Enable LLTD Responder,CreateRegistryTweak,yes,,WindowsOptimizer.App/Services/TweakProviders/NetworkTweakProvider.cs#L31,Software\Policies\Microsoft\Windows\LLTD;EnableRspndr
network.enable-lltdio,Enable LLTD Mapper I/O,CreateRegistryTweak,yes,,WindowsOptimizer.App/Services/TweakProviders/NetworkTweakProvider.cs#L19,Software\Policies\Microsoft\Windows\LLTD;EnableLLTDIO
network.flush-dns-cache,Flush DNS Cache,base,yes,Clears the DNS resolver cache. Useful for resolving DNS issues or ensuring fresh DNS lookups. This is a one-time operation and cannot be rolled back.,WindowsOptimizer.Engine/Tweaks/Commands/Network/FlushDnsCacheTweak.cs#L13,Flush DNS Cache;Clears the DNS resolver cache. Useful for resolving DNS issues or ensuring fresh DNS lookups. This is a one-time operation and cannot be rolled back.
network.optimize-smb,Optimize SMB Performance,CreateRegistryValueSetTweak,yes,,WindowsOptimizer.App/Services/TweakProviders/NetworkTweakProvider.cs#L44,SYSTEM\CurrentControlSet\Services\LanmanWorkstation\Parameters
network.prefer-ipv4,Prefer IPv4 over IPv6,CreateRegistryTweak,yes,SYSTEM\CurrentControlSet\Services\Tcpip6\Parameters,WindowsOptimizer.App/Services/TweakProviders/LegacyTweakProvider.cs#L914,SYSTEM\CurrentControlSet\Services\Tcpip6\Parameters;DisabledComponents
network.require-ntlmv2-session-security,Require NTLMv2 Session Security,CreateRegistryTweak,yes,,WindowsOptimizer.App/Services/TweakProviders/LegacyTweakProvider.cs#L954,System\CurrentControlSet\Control\Lsa\MSV1_0;NTLMMinClientSec
network.reset-winsock,Reset Winsock Catalog,base,yes,,WindowsOptimizer.Engine/Tweaks/Commands/Network/ResetNetworkStackTweak.cs#L13,Reset Winsock Catalog;Resets the Winsock catalog to default settings. Useful for fixing network connectivity issues. Requires system restart to take effect.
network.smb-disable-bandwidth-throttling,SMB: Disable Bandwidth Throttling,CreateRegistryTweak,yes,,WindowsOptimizer.App/Services/TweakProviders/LegacyTweakProvider.cs#L587,System\CurrentControlSet\Services\LanmanWorkstation\Parameters;DisableBandwidthThrottling
network.smb-disable-leasing,SMB: Disable Leasing,CreateRegistryTweak,yes,,WindowsOptimizer.App/Services/TweakProviders/LegacyTweakProvider.cs#L651,System\CurrentControlSet\Services\LanmanServer\Parameters;DisableLeasing
network.smb-enable-large-mtu,SMB: Enable Large MTU,CreateRegistryTweak,yes,,WindowsOptimizer.App/Services/TweakProviders/LegacyTweakProvider.cs#L597,System\CurrentControlSet\Services\LanmanWorkstation\Parameters;DisableLargeMtu
network.smb-enable-multichannel,SMB: Enable Multichannel,CreateRegistryTweak,yes,,WindowsOptimizer.App/Services/TweakProviders/LegacyTweakProvider.cs#L661,System\CurrentControlSet\Services\LanmanWorkstation\Parameters;DisableMultiChannel
network.smb-enable-quic,SMB: Enable QUIC,CreateRegistryValueBatchTweak,yes,,WindowsOptimizer.App/Services/TweakProviders/LegacyTweakProvider.cs#L671,System\CurrentControlSet\Services\LanmanWorkstation\Parameters;EnableSMBQUIC;System\CurrentControlSet\Services\LanmanServer\Parameters;EnableSMBQUIC
network.smb-encrypt-data,SMB: Require Encryption,CreateRegistryTweak,yes,,WindowsOptimizer.App/Services/TweakProviders/LegacyTweakProvider.cs#L631,System\CurrentControlSet\Services\LanmanServer\Parameters;EncryptData
network.smb-reject-unencrypted-access,SMB: Reject Unencrypted Access,CreateRegistryTweak,yes,,WindowsOptimizer.App/Services/TweakProviders/LegacyTweakProvider.cs#L641,System\CurrentControlSet\Services\LanmanServer\Parameters;RejectUnencryptedAccess
network.smb-require-dialect-3_1_1,SMB: Require Dialect 3.1.1,CreateRegistryValueBatchTweak,yes,,WindowsOptimizer.App/Services/TweakProviders/LegacyTweakProvider.cs#L681,System\CurrentControlSet\Services\LanmanWorkstation\Parameters;MinSmb2Dialect;System\CurrentControlSet\Services\LanmanWorkstation\Parameters;MaxSmb2Dialect;System\CurrentControlSet\Services\LanmanServer\Parameters;MinSmb2Dialect;System\CurrentControlSet\Services\LanmanServer\Parameters;MaxSmb2Dialect
network.smb-require-signing-client,SMB: Require Client Signing,CreateRegistryValueSetTweak,yes,,WindowsOptimizer.App/Services/TweakProviders/LegacyTweakProvider.cs#L607,System\CurrentControlSet\Services\LanmanWorkstation\Parameters
network.smb-require-signing-server,SMB: Require Server Signing,CreateRegistryValueSetTweak,yes,,WindowsOptimizer.App/Services/TweakProviders/LegacyTweakProvider.cs#L619,System\CurrentControlSet\Services\LanmanServer\Parameters
network.smb-set-cipher-suite-order,SMB: Set Cipher Suite Order,CreateRegistryValueBatchTweak,yes,,WindowsOptimizer.App/Services/TweakProviders/LegacyTweakProvider.cs#L693,System\CurrentControlSet\Services\LanmanWorkstation\Parameters;CipherSuiteOrder;AES_256_GCM;AES_256_CCM;System\CurrentControlSet\Services\LanmanServer\Parameters;CipherSuiteOrder;AES_256_GCM;AES_256_CCM
notifications.disable-feedback-frequency,Disable Feedback Requests,CreateRegistryTweak,yes,,WindowsOptimizer.App/Services/TweakProviders/PrivacyTweakProvider.cs#L218,Software\Microsoft\Siuf\Rules;NumberOfSIUFInPeriod
notifications.disable-lock-screen,Disable Lock Screen Notifications,CreateRegistryTweak,yes,,WindowsOptimizer.App/Services/TweakProviders/PrivacyTweakProvider.cs#L205,Software\Policies\Microsoft\Windows\CurrentVersion\PushNotifications;NoToastApplicationNotificationOnLockScreen
notifications.disable-lockscreen-toast,Disable Lock Screen Toast Notifications,CreateRegistryTweak,yes,,WindowsOptimizer.App/Services/TweakProviders/LegacyTweakProvider.cs#L126,SOFTWARE\Policies\Microsoft\Windows\CurrentVersion\PushNotifications;NoToastApplicationNotificationOnLockScreen
notifications.disable-mirroring,Disable Notification Mirroring,CreateRegistryTweak,yes,,WindowsOptimizer.App/Services/TweakProviders/LegacyTweakProvider.cs#L148,SOFTWARE\Policies\Microsoft\Windows\CurrentVersion\PushNotifications;DisallowNotificationMirroring
notifications.disable-tile,Disable Tile Notifications,CreateRegistryTweak,yes,,WindowsOptimizer.App/Services/TweakProviders/LegacyTweakProvider.cs#L137,SOFTWARE\Policies\Microsoft\Windows\CurrentVersion\PushNotifications;NoTileApplicationNotification
notifications.disable-toast,Disable Toast Notifications,CreateRegistryTweak,yes,,WindowsOptimizer.App/Services/TweakProviders/PrivacyTweakProvider.cs#L192,Software\Policies\Microsoft\Windows\CurrentVersion\PushNotifications;NoToastApplicationNotification
performance.disable-animations,Disable Window Animations,CreateRegistryTweak,yes,,WindowsOptimizer.App/Services/TweakProviders/PerformanceTweakProvider.cs#L19,Control Panel\Desktop\WindowMetrics;MinAnimate
performance.disable-background-apps,Disable Power Throttling,CreateRegistryTweak,yes,,WindowsOptimizer.App/Services/TweakProviders/PerformanceTweakProvider.cs#L62,SYSTEM\CurrentControlSet\Control\Power;PowerThrottlingOff
performance.disable-menu-show-delay,Remove Menu Show Delay,CreateRegistryTweak,yes,MenuShowDelay,WindowsOptimizer.App/Services/TweakProviders/PerformanceTweakProvider.cs#L32,Control Panel\Desktop;MenuShowDelay
performance.disable-taskbar-animations,Disable Taskbar Animations,CreateRegistryTweak,yes,TaskbarAnimations,WindowsOptimizer.App/Services/TweakProviders/PerformanceTweakProvider.cs#L45,Software\Microsoft\Windows\CurrentVersion\Explorer\Advanced;TaskbarAnimations
peripheral.audio-disable-ducking,Disable Audio Ducking,RegistryValueBatchTweak,yes,,WindowsOptimizer.Engine/Tweaks/Peripheral/AudioTweaks.cs#L24,Disable Audio Ducking;Disables Windows automatic volume adjustment when making calls or using communication apps. Equivalent to 'Do nothing' in Sound settings.
peripheral.audio-disable-enhancements,Disable Audio Enhancements,RegistryValueBatchTweak,yes,,WindowsOptimizer.Engine/Tweaks/Peripheral/AudioTweaks.cs#L50,Disable Audio Enhancements;Disables audio enhancements and exclusive mode for audio devices. Provides cleaner audio output without processing.
peripheral.autoplay-take-no-action,AutoPlay: Take No Action,CreateRegistryValueBatchTweak,yes,,WindowsOptimizer.App/Services/TweakProviders/LegacyTweakProvider.cs#L550,Software\Microsoft\Windows\CurrentVersion\Explorer\AutoplayHandlers\UserChosenExecuteHandlers\StorageOnArrival;MSTakeNoAction;Software\Microsoft\Windows\CurrentVersion\Explorer\AutoplayHandlers\EventHandlersDefaultSelection\StorageOnArrival;MSTakeNoAction;Software\Microsoft\Windows\CurrentVersion\Explorer\AutoplayHandlers\UserChosenExecuteHandlers\CameraAlternate\ShowPicturesOnArrival;MSTakeNoAction;Software\Microsoft\Windows\CurrentVersion\Explorer\AutoplayHandlers\EventHandlersDefaultSelection\CameraAlternate\ShowPicturesOnArrival;MSTakeNoAction;Software\Microsoft\Windows\CurrentVersion\Explorer\AutoplayHandlers\UserChosenExecuteHandlers\PlayDVDMovieOnArrival;MSTakeNoAction;Software\Microsoft\Windows\CurrentVersion\Explorer\AutoplayHandlers\EventHandlersDefaultSelection\PlayDVDMovieOnArrival;MSTakeNoAction;Software\Microsoft\Windows\CurrentVersion\Explorer\AutoplayHandlers\UserChosenExecuteHandlers\PlayEnhancedDVDOnArrival;MSTakeNoAction;Software\Microsoft\Windows\CurrentVersion\Explorer\AutoplayHandlers\EventHandlersDefaultSelection\PlayEnhancedDVDOnArrival;MSTakeNoAction;Software\Microsoft\Windows\CurrentVersion\Explorer\AutoplayHandlers\UserChosenExecuteHandlers\HandleDVDBurningOnArrival;MSTakeNoAction;Software\Microsoft\Windows\CurrentVersion\Explorer\AutoplayHandlers\EventHandlersDefaultSelection\HandleDVDBurningOnArrival;MSTakeNoAction;Software\Microsoft\Windows\CurrentVersion\Explorer\AutoplayHandlers\UserChosenExecuteHandlers\PlayDVDAudioOnArrival;MSTakeNoAction;Software\Microsoft\Windows\CurrentVersion\Explorer\AutoplayHandlers\EventHandlersDefaultSelection\PlayDVDAudioOnArrival;MSTakeNoAction;Software\Microsoft\Windows\CurrentVersion\Explorer\AutoplayHandlers\UserChosenExecuteHandlers\PlayBluRayOnArrival;MSTakeNoAction;Software\Microsoft\Windows\CurrentVersion\Explorer\AutoplayHandlers\EventHandlersDefaultSelection\PlayBluRayOnArrival;MSTakeNoAction;Software\Microsoft\Windows\CurrentVersion\Explorer\AutoplayHandlers\UserChosenExecuteHandlers\HandleBDBurningOnArrival;MSTakeNoAction;Software\Microsoft\Windows\CurrentVersion\Explorer\AutoplayHandlers\EventHandlersDefaultSelection\HandleBDBurningOnArrival;MSTakeNoAction;Software\Microsoft\Windows\CurrentVersion\Explorer\AutoplayHandlers\UserChosenExecuteHandlers\PlayCDAudioOnArrival;MSTakeNoAction;Software\Microsoft\Windows\CurrentVersion\Explorer\AutoplayHandlers\EventHandlersDefaultSelection\PlayCDAudioOnArrival;MSTakeNoAction;Software\Microsoft\Windows\CurrentVersion\Explorer\AutoplayHandlers\UserChosenExecuteHandlers\PlayEnhancedCDOnArrival;MSTakeNoAction;Software\Microsoft\Windows\CurrentVersion\Explorer\AutoplayHandlers\EventHandlersDefaultSelection\PlayEnhancedCDOnArrival;MSTakeNoAction;Software\Microsoft\Windows\CurrentVersion\Explorer\AutoplayHandlers\UserChosenExecuteHandlers\HandleCDBurningOnArrival;MSTakeNoAction;Software\Microsoft\Windows\CurrentVersion\Explorer\AutoplayHandlers\EventHandlersDefaultSelection\HandleCDBurningOnArrival;MSTakeNoAction;Software\Microsoft\Windows\CurrentVersion\Explorer\AutoplayHandlers\UserChosenExecuteHandlers\PlayVideoCDMovieOnArrival;MSTakeNoAction;Software\Microsoft\Windows\CurrentVersion\Explorer\AutoplayHandlers\EventHandlersDefaultSelection\PlayVideoCDMovieOnArrival;MSTakeNoAction;Software\Microsoft\Windows\CurrentVersion\Explorer\AutoplayHandlers\UserChosenExecuteHandlers\PlaySuperVideoCDMovieOnArrival;MSTakeNoAction;Software\Microsoft\Windows\CurrentVersion\Explorer\AutoplayHandlers\EventHandlersDefaultSelection\PlaySuperVideoCDMovieOnArrival;MSTakeNoAction;Software\Microsoft\Windows\CurrentVersion\Explorer\AutoplayHandlers\UserChosenExecuteHandlers\AutorunINFLegacyArrival;MSTakeNoAction;Software\Microsoft\Windows\CurrentVersion\Explorer\AutoplayHandlers\EventHandlersDefaultSelection\AutorunINFLegacyArrival;MSTakeNoAction
peripheral.disable-autoplay,Disable AutoPlay,CreateRegistryTweak,yes,,WindowsOptimizer.App/Services/TweakProviders/LegacyTweakProvider.cs#L539,Software\Microsoft\Windows\CurrentVersion\Explorer\AutoplayHandlers;DisableAutoplay
peripheral.disable-language-switch-hotkey,Disable Language Switch Hotkey,CreateRegistryValueSetTweak,yes,,WindowsOptimizer.App/Services/TweakProviders/LegacyTweakProvider.cs#L498,Keyboard Layout\Toggle
peripheral.disable-pointer-precision,Disable Enhance Pointer Precision,CreateRegistryValueSetTweak,yes,,WindowsOptimizer.App/Services/TweakProviders/LegacyTweakProvider.cs#L512,Control Panel\Mouse
peripheral.disable-sticky-keys-prompt,Disable Sticky Keys Prompt,CreateRegistryTweak,yes,Control Panel\Accessibility\StickyKeys,WindowsOptimizer.App/Services/TweakProviders/PeripheralTweakProvider.cs#L27,Control Panel\Accessibility\StickyKeys;Flags
peripheral.keyboard-disable-language-hotkey,Disable Language Switch Hotkey,RegistryValueBatchTweak,yes,,WindowsOptimizer.Engine/Tweaks/Peripheral/KeyboardTweaks.cs#L52,Disable Language Switch Hotkey;Disables Ctrl+Shift and Alt+Shift language switching hotkeys to prevent accidental language changes during gaming or typing.
peripheral.keyboard-optimize-repeat,Optimize Keyboard Repeat Rate,RegistryValueBatchTweak,yes,,WindowsOptimizer.Engine/Tweaks/Peripheral/KeyboardTweaks.cs#L27,Optimize Keyboard Repeat Rate;Sets keyboard to minimum repeat delay and maximum repeat rate for faster typing. Also slows cursor blink rate to 900ms.
peripheral.mouse-disable-acceleration,Disable Enhanced Pointer Precision (Mouse Acceleration),RegistryValueBatchTweak,yes,,WindowsOptimizer.Engine/Tweaks/Peripheral/MouseTweaks.cs#L55,Disable Enhanced Pointer Precision (Mouse Acceleration);Disables mouse acceleration for 1:1 mouse movement. Preferred by gamers and precision users.
peripheral.mouse-disable-throttle,Disable Mouse Throttling for Background Windows,RegistryValueBatchTweak,yes,,WindowsOptimizer.Engine/Tweaks/Peripheral/MouseTweaks.cs#L27,"Disable Mouse Throttling for Background Windows;Disables raw mouse input throttling for background windows, improving mouse responsiveness. Useful for monitoring tools like MouseTester."
power.disable-cpu-idle-states,Disable CPU Idle States (C-States),RegistryValueBatchTweak,yes,Disables CPU idle states and C-States for minimum latency. Increases power consumption but improves responsiveness. Recommended for gaming/audio production.,WindowsOptimizer.Engine/Tweaks/Power/CPUPowerTweaks.cs#L56,Disable CPU Idle States (C-States);Disables CPU idle states and C-States for minimum latency. Increases power consumption but improves responsiveness. Recommended for gaming/audio production.
power.disable-cpu-parking,Disable CPU Core Parking,RegistryValueBatchTweak,yes,"Prevents Windows from parking CPU cores, keeping all cores active. Reduces latency and improves responsiveness for gaming and real-time applications.",WindowsOptimizer.Engine/Tweaks/Power/CPUPowerTweaks.cs#L29,"Disable CPU Core Parking;Prevents Windows from parking CPU cores, keeping all cores active. Reduces latency and improves responsiveness for gaming and real-time applications."
power.disable-fast-startup,Disable Fast Startup (Hiberboot),RegistryValueBatchTweak,yes,,WindowsOptimizer.Engine/Tweaks/Power/PowerSettingsTweaks.cs#L43,Disable Fast Startup (Hiberboot);Disables Fast Startup feature which uses hibernation for faster boot times. Fixes some driver and dual-boot issues.
power.disable-hibernation,Disable Hibernation,base,yes,Disables hibernation and deletes hiberfil.sys to save disk space. This prevents the system from entering hibernation mode but does not affect sleep mode.,WindowsOptimizer.Engine/Tweaks/Commands/Power/DisableHibernationTweak.cs#L13,Disable Hibernation;Disables hibernation and deletes hiberfil.sys to save disk space. This prevents the system from entering hibernation mode but does not affect sleep mode.
power.disable-modern-standby,Disable Modern Standby,RegistryValueBatchTweak,yes,,WindowsOptimizer.Engine/Tweaks/Power/PowerSettingsTweaks.cs#L23,Disable Modern Standby;Disables Modern Standby (S0 Low Power Idle) and switches to traditional S3 sleep mode. Improves desktop power behavior.
power.disable-network-power-saving,Disable Network Adapter Power Saving,RegistryValueBatchTweak,yes,,WindowsOptimizer.Engine/Tweaks/Power/NetworkAdapterPowerTweaks.cs#L32,Disable Network Adapter Power Saving;Disables network throttling and optimizes multimedia/network responsiveness. Improves gaming and streaming performance.
power.disable-power-throttling,Disable Power Throttling,RegistryValueBatchTweak,yes,,WindowsOptimizer.Engine/Tweaks/Power/PowerSettingsTweaks.cs#L63,Disable Power Throttling;Disables Windows Power Throttling which limits background process performance. Improves overall system responsiveness.
power.disable-superfetch,Disable Superfetch (SysMain),base,yes,Disables the Superfetch service (SysMain) which preloads frequently used applications. Can improve performance on SSDs where prefetching is not beneficial.,WindowsOptimizer.Engine/Tweaks/Commands/Performance/DisableSuperfetchTweak.cs#L13,Disable Superfetch (SysMain);Disables the Superfetch service (SysMain) which preloads frequently used applications. Can improve performance on SSDs where prefetching is not beneficial.
power.disable-usb-selective-suspend,Disable USB Selective Suspend,base,yes,Disables USB Selective Suspend to prevent USB devices from powering down unexpectedly. This can resolve issues with USB devices disconnecting or becoming unresponsive.,WindowsOptimizer.Engine/Tweaks/Commands/Power/DisableUsbSelectiveSuspendTweak.cs#L17,Disable USB Selective Suspend;Disables USB Selective Suspend to prevent USB devices from powering down unexpectedly. This can resolve issues with USB devices disconnecting or becoming unresponsive.
power.disable-windows-search,Disable Windows Search,base,yes,Disables the Windows Search indexing service. This can improve system performance but will slow down file searches. Useful for systems with SSDs where search performance is already fast.,WindowsOptimizer.Engine/Tweaks/Commands/Performance/DisableWindowsSearchTweak.cs#L13,Disable Windows Search;Disables the Windows Search indexing service. This can improve system performance but will slow down file searches. Useful for systems with SSDs where search performance is already fast.
power.hide-hibernate-option,Hide Hibernate Power Option,CreateRegistryTweak,yes,,WindowsOptimizer.App/Services/TweakProviders/LegacyTweakProvider.cs#L774,Software\Policies\Microsoft\Windows\Explorer;ShowHibernateOption
power.hide-lock-option,Hide Lock Power Option,CreateRegistryTweak,yes,,WindowsOptimizer.App/Services/TweakProviders/LegacyTweakProvider.cs#L754,Software\Policies\Microsoft\Windows\Explorer;ShowLockOption
power.hide-sleep-option,Hide Sleep Power Option,CreateRegistryTweak,yes,,WindowsOptimizer.App/Services/TweakProviders/LegacyTweakProvider.cs#L764,Software\Policies\Microsoft\Windows\Explorer;ShowSleepOption
power.optimize-cpu-boost,Optimize CPU Performance Boost,RegistryValueBatchTweak,yes,"Optimizes CPU boost behavior for better performance. Enables boost at guaranteed frequency, extends high-performance duration, and minimizes latency tolerance.",WindowsOptimizer.Engine/Tweaks/Power/CPUPowerTweaks.cs#L86,"Optimize CPU Performance Boost;Optimizes CPU boost behavior for better performance. Enables boost at guaranteed frequency, extends high-performance duration, and minimizes latency tolerance."
power.optimize-gaming-network,Optimize Gaming Network Settings,RegistryValueBatchTweak,yes,,WindowsOptimizer.Engine/Tweaks/Power/NetworkAdapterPowerTweaks.cs#L61,"Optimize Gaming Network Settings;Boosts priority for gaming tasks, improving network latency and frame timing. Sets high priority for GPU, scheduling, and I/O."
power.optimize-performance,Optimize Power Settings for Performance,RegistryValueBatchTweak,yes,"Applies multiple power optimizations: disables timer coalescing, deep IO coalescing, core parking latency, and energy estimation for maximum performance.",WindowsOptimizer.Engine/Tweaks/Power/PowerSettingsTweaks.cs#L98,"Optimize Power Settings for Performance;Applies multiple power optimizations: disables timer coalescing, deep IO coalescing, core parking latency, and energy estimation for maximum performance."
privacy.block-microsoft-accounts,Block Microsoft Accounts,CreateRegistryTweak,yes,,WindowsOptimizer.App/Services/TweakProviders/LegacyTweakProvider.cs#L1773,SOFTWARE\Microsoft\Windows\CurrentVersion\Policies\System;NoConnectedUser
privacy.deny-app-access,Deny App Access (Except Microphone),CreateRegistryValueBatchTweak,yes,,WindowsOptimizer.App/Services/TweakProviders/LegacyTweakProvider.cs#L1646,Software\Policies\Microsoft\Windows\System;AllowUserInfoAccess;Software\Policies\Microsoft\Windows\AppPrivacy;LetAppsAccessAccountInfo;Software\Policies\Microsoft\Windows\AppPrivacy;LetAppsAccessCalendar;Software\Policies\Microsoft\Windows\AppPrivacy;LetAppsAccessCallHistory;Software\Policies\Microsoft\Windows\AppPrivacy;LetAppsAccessCamera;Software\Policies\Microsoft\Windows\AppPrivacy;LetAppsAccessContacts;Software\Policies\Microsoft\Windows\AppPrivacy;LetAppsAccessEmail;Software\Policies\Microsoft\Windows\AppPrivacy;LetAppsAccessGraphicsCaptureProgrammatic;Software\Policies\Microsoft\Windows\AppPrivacy;LetAppsAccessGraphicsCaptureWithoutBorder;Software\Policies\Microsoft\Windows\AppPrivacy;LetAppsAccessHumanPresence;Software\Policies\Microsoft\Windows\AppPrivacy;LetAppsAccessLocation;Software\Policies\Microsoft\Windows\AppPrivacy;LetAppsAccessMessaging;Software\Policies\Microsoft\Windows\AppPrivacy;LetAppsAccessMicrophone;Software\Policies\Microsoft\Windows\AppPrivacy;LetAppsAccessMotion;Software\Policies\Microsoft\Windows\AppPrivacy;LetAppsAccessNotifications;Software\Policies\Microsoft\Windows\AppPrivacy;LetAppsAccessPhone;Software\Policies\Microsoft\Windows\AppPrivacy;LetAppsAccessRadios;Software\Policies\Microsoft\Windows\AppPrivacy;LetAppsSyncWithDevices;Software\Policies\Microsoft\Windows\AppPrivacy;LetAppsAccessTasks;Software\Policies\Microsoft\Windows\AppPrivacy;LetAppsAccessTrustedDevices;Software\Policies\Microsoft\Windows\AppPrivacy;LetAppsRunInBackground;Software\Policies\Microsoft\Windows\AppPrivacy;LetAppsGetDiagnosticInfo;Software\Policies\Microsoft\Windows\AppPrivacy;LetAppsAccessGazeInput;Software\Policies\Microsoft\Windows\AppPrivacy;LetAppsActivateWithVoice;Software\Policies\Microsoft\Windows\AppPrivacy;LetAppsActivateWithVoiceAboveLock;Software\Policies\Microsoft\Windows\AppPrivacy;LetAppsAccessBackgroundSpatialPerception
privacy.disable-activity-history,Disable Activity History,CreateRegistryValueSetTweak,yes,,WindowsOptimizer.App/Services/TweakProviders/PrivacyTweakProvider.cs#L45,Software\Policies\Microsoft\Windows\System
privacy.disable-advertising-id,Disable Advertising ID,CreateRegistryTweak,yes,Software\Microsoft\Windows\CurrentVersion\AdvertisingInfo,WindowsOptimizer.App/Services/TweakProviders/PrivacyTweakProvider.cs#L32,Software\Microsoft\Windows\CurrentVersion\AdvertisingInfo;Enabled
privacy.disable-app-diagnostics,Disable App Diagnostics,CreateRegistryTweak,yes,LetAppsAccessDiagnosticInfo,WindowsOptimizer.App/Services/TweakProviders/LegacyTweakProvider.cs#L2282,SOFTWARE\Policies\Microsoft\Windows\AppPrivacy;LetAppsAccessDiagnosticInfo
privacy.disable-app-launch-tracking,Disable App Launch Tracking,CreateRegistryTweak,yes,,WindowsOptimizer.App/Services/TweakProviders/LegacyTweakProvider.cs#L1305,Software\Microsoft\Windows\CurrentVersion\Explorer\Advanced;Start_TrackProgs
privacy.disable-app-suggestions,Disable App Suggestions in Start,CreateRegistryTweak,yes,,WindowsOptimizer.App/Services/TweakProviders/PrivacyTweakProvider.cs#L98,Software\Microsoft\Windows\CurrentVersion\ContentDeliveryManager;SystemPaneSuggestionsEnabled
privacy.disable-application-compatibility,Disable Application Compatibility,CreateCompositeTweak,yes,,WindowsOptimizer.App/Services/TweakProviders/LegacyTweakProvider.cs#L1813,"Disable Application Compatibility;Turns off Windows application compatibility components, telemetry, and related tasks."
privacy.disable-application-telemetry,Disable Application Telemetry,CreateRegistryTweak,yes,,WindowsOptimizer.App/Services/TweakProviders/PrivacyTweakProvider.cs#L60,Software\Policies\Microsoft\Windows\AppCompat;AITEnable
privacy.disable-background-apps,Disable Background Apps,CreateRegistryTweak,yes,,WindowsOptimizer.App/Services/TweakProviders/PrivacyTweakProvider.cs#L179,Software\Policies\Microsoft\Windows\AppPrivacy;LetAppsRunInBackground
privacy.disable-biometrics,Disable Biometrics,CreateRegistryTweak,yes,,WindowsOptimizer.App/Services/TweakProviders/LegacyTweakProvider.cs#L1326,SOFTWARE\Policies\Microsoft\Biometrics;Enabled
privacy.disable-biometrics-domain-logon,Disable Biometrics for Domain Logon,CreateRegistryTweak,yes,,WindowsOptimizer.App/Services/TweakProviders/LegacyTweakProvider.cs#L1346,SOFTWARE\Policies\Microsoft\Biometrics\Credential Provider;Domain Accounts
privacy.disable-biometrics-logon,Disable Biometrics Logon,CreateRegistryTweak,yes,,WindowsOptimizer.App/Services/TweakProviders/LegacyTweakProvider.cs#L1336,SOFTWARE\Policies\Microsoft\Biometrics\Credential Provider;Enabled
privacy.disable-camera,Disable Camera Access (Policy),CreateRegistryTweak,yes,,WindowsOptimizer.App/Services/TweakProviders/PrivacyTweakProvider.cs#L167,Software\Policies\Microsoft\Camera;AllowCamera
privacy.disable-ceip,Disable CEIP,CreateRegistryValueBatchTweak,yes,,WindowsOptimizer.App/Services/TweakProviders/LegacyTweakProvider.cs#L1635,Software\Policies\Microsoft\AppV\CEIP;CEIPEnable;Software\Policies\Microsoft\SQMClient\Windows;CEIPEnable;Software\Policies\Microsoft\Messenger\Client;CEIP
privacy.disable-cli-telemetry,Disable PowerShell & .NET CLI Telemetry,CreateRegistryValueSetTweak,yes,,WindowsOptimizer.App/Services/TweakProviders/LegacyTweakProvider.cs#L1019,Environment
privacy.disable-consumer-account-content,Disable Consumer Account State Content,CreateRegistryTweak,yes,,WindowsOptimizer.App/Services/TweakProviders/LegacyTweakProvider.cs#L1172,Software\Policies\Microsoft\Windows\CloudContent;DisableConsumerAccountStateContent
privacy.disable-copilot,Disable Windows Copilot,CreateRegistryTweak,yes,,WindowsOptimizer.App/Services/TweakProviders/PrivacyTweakProvider.cs#L128,Software\Policies\Microsoft\Windows\WindowsCopilot;TurnOffWindowsCopilot
privacy.disable-cross-device-experiences,Disable Cross-Device Experiences,CreateRegistryTweak,yes,,WindowsOptimizer.App/Services/TweakProviders/LegacyTweakProvider.cs#L988,Software\Policies\Microsoft\Windows\System;EnableCdp
privacy.disable-device-name-telemetry,Disable Device Name in Diagnostics,CreateRegistryTweak,yes,,WindowsOptimizer.App/Services/TweakProviders/LegacyTweakProvider.cs#L1595,Software\Policies\Microsoft\Windows\DataCollection;AllowDeviceNameInTelemetry
privacy.disable-diagnostic-data,Disable Diagnostic Data (Policy),CreateRegistryTweak,yes,,WindowsOptimizer.App/Services/TweakProviders/PrivacyTweakProvider.cs#L20,Software\Policies\Microsoft\Windows\DataCollection;AllowTelemetry
privacy.disable-diagnostic-data-delete,Disable Diagnostic Data Deletion,CreateRegistryTweak,yes,,WindowsOptimizer.App/Services/TweakProviders/LegacyTweakProvider.cs#L1545,Software\Policies\Microsoft\Windows\DataCollection;DisableDeviceDelete
privacy.disable-diagnostic-data-viewer,Disable Diagnostic Data Viewer,CreateRegistryTweak,yes,,WindowsOptimizer.App/Services/TweakProviders/LegacyTweakProvider.cs#L1535,Software\Policies\Microsoft\Windows\DataCollection;DisableDiagnosticDataViewer
privacy.disable-edge-search-suggestions,Disable Edge Search Suggestions,CreateRegistryValueBatchTweak,yes,,WindowsOptimizer.App/Services/TweakProviders/LegacyTweakProvider.cs#L1192,Software\Policies\Microsoft\Edge;SearchSuggestEnabled;Software\Policies\Microsoft\Edge;LocalProvidersEnabled;Software\Policies\Microsoft\MicrosoftEdge\SearchScopes;ShowSearchSuggestionsGlobal
privacy.disable-f1-help,Disable F1 Help,CreateFileRenameTweak,yes,,WindowsOptimizer.App/Services/TweakProviders/LegacyTweakProvider.cs#L2222,Disable F1 Help;Disables F1 help by renaming HelpPane.exe.
privacy.disable-feedback-notifications,Disable Feedback Notifications,CreateRegistryTweak,yes,,WindowsOptimizer.App/Services/TweakProviders/LegacyTweakProvider.cs#L1625,Software\Policies\Microsoft\Windows\DataCollection;DoNotShowFeedbackNotifications
privacy.disable-file-history,Disable File History,CreateRegistryTweak,yes,,WindowsOptimizer.App/Services/TweakProviders/LegacyTweakProvider.cs#L1605,Software\Policies\Microsoft\Windows\FileHistory;Disabled
privacy.disable-font-providers,Disable Font Providers,CreateRegistryTweak,yes,,WindowsOptimizer.App/Services/TweakProviders/LegacyTweakProvider.cs#L1793,Software\Policies\Microsoft\Windows\System;EnableFontProviders
privacy.disable-inking-typing-personalization,Disable Inking & Typing Personalization,CreateRegistryValueBatchTweak,yes,,WindowsOptimizer.App/Services/TweakProviders/LegacyTweakProvider.cs#L1852,Software\Microsoft\Windows\CurrentVersion\Policies\TextInput;AllowLinguisticDataCollection;Software\Policies\Microsoft\WindowsInkWorkspace;AllowSuggestedAppsInWindowsInkWorkspace;Software\Policies\Microsoft\WindowsInkWorkspace;AllowWindowsInkWorkspace
privacy.disable-kms-activation-telemetry,Disable KMS Activation Telemetry,CreateRegistryTweak,yes,,WindowsOptimizer.App/Services/TweakProviders/LegacyTweakProvider.cs#L1783,Software\Policies\Microsoft\Windows NT\CurrentVersion\Software Protection Platform;NoGenTicket
privacy.disable-language-list-access,Disable Website Access to Language List,CreateRegistryTweak,yes,,WindowsOptimizer.App/Services/TweakProviders/LegacyTweakProvider.cs#L1032,Control Panel\International\User Profile;HttpAcceptLanguageOptOut
privacy.disable-local-security-questions,Disable Local Security Questions,CreateRegistryTweak,yes,,WindowsOptimizer.App/Services/TweakProviders/LegacyTweakProvider.cs#L1803,Software\Policies\Microsoft\Windows\System;NoLocalPasswordResetQuestions
privacy.disable-location,Disable Location Services,CreateRegistryTweak,yes,,WindowsOptimizer.App/Services/TweakProviders/LegacyTweakProvider.cs#L1203,Software\Policies\Microsoft\Windows\LocationAndSensors;DisableLocation
privacy.disable-location-consent,Disable Location Consent (User),CreateRegistryValueBatchTweak,yes,,WindowsOptimizer.App/Services/TweakProviders/LegacyTweakProvider.cs#L1213,Software\Microsoft\Windows\CurrentVersion\CapabilityAccessManager\ConsentStore\location;Value;Deny;Software\Microsoft\Windows\CurrentVersion\CapabilityAccessManager\ConsentStore\location\NonPackaged;Value;Deny;Software\Microsoft\Windows\CurrentVersion\CapabilityAccessManager\ConsentStore\location;ShowGlobalPrompts
privacy.disable-location-consent-system,Disable Location Consent (System),CreateRegistryTweak,yes,,WindowsOptimizer.App/Services/TweakProviders/LegacyTweakProvider.cs#L1240,Software\Microsoft\Windows\CurrentVersion\CapabilityAccessManager\ConsentStore\location;Value
privacy.disable-location-scripting,Disable Location Scripting,CreateRegistryTweak,yes,,WindowsOptimizer.App/Services/TweakProviders/LegacyTweakProvider.cs#L1250,Software\Policies\Microsoft\Windows\LocationAndSensors;DisableLocationScripting
privacy.disable-location-services,Disable Location Services,CreateRegistryTweak,yes,,WindowsOptimizer.App/Services/TweakProviders/PrivacyTweakProvider.cs#L155,Software\Policies\Microsoft\Windows\LocationAndSensors;DisableLocation
privacy.disable-location-tracking,Disable Location Tracking,CreateRegistryTweak,yes,,WindowsOptimizer.App/Services/TweakProviders/LegacyTweakProvider.cs#L2292,SOFTWARE\Policies\Microsoft\Windows\LocationAndSensors;DisableLocation
privacy.disable-mdm-enrollment,Disable MDM Enrollment,CreateRegistryTweak,yes,,WindowsOptimizer.App/Services/TweakProviders/LegacyTweakProvider.cs#L1615,Software\Policies\Microsoft\Windows\CurrentVersion\MDM;DisableRegistration
privacy.disable-message-sync,Disable Message Sync,CreateRegistryTweak,yes,,WindowsOptimizer.App/Services/TweakProviders/LegacyTweakProvider.cs#L1720,Software\Policies\Microsoft\Windows\Messaging;AllowMessageSync
privacy.disable-offline-files,Disable Offline Files,CreateCompositeTweak,yes,,WindowsOptimizer.App/Services/TweakProviders/PrivacyTweakProvider.cs#L233,"Disable Offline Files;Disables Offline Files (CSC) via policy, services, tasks, and Sync Center."
privacy.disable-onesettings-downloads,Disable OneSettings Downloads,CreateRegistryTweak,yes,,WindowsOptimizer.App/Services/TweakProviders/LegacyTweakProvider.cs#L1555,Software\Policies\Microsoft\Windows\DataCollection;DisableOneSettingsDownloads
privacy.disable-online-tips,Disable Online Tips,CreateRegistryTweak,yes,,WindowsOptimizer.App/Services/TweakProviders/LegacyTweakProvider.cs#L1182,Software\Microsoft\Windows\CurrentVersion\Policies\Explorer;AllowOnlineTips
privacy.disable-phone-linking,Disable Phone Linking,CreateRegistryTweak,yes,,WindowsOptimizer.App/Services/TweakProviders/LegacyTweakProvider.cs#L998,Software\Policies\Microsoft\Windows\System;EnableMmx
privacy.disable-recall,Disable Windows Recall,CreateRegistryTweak,yes,,WindowsOptimizer.App/Services/TweakProviders/PrivacyTweakProvider.cs#L141,Software\Policies\Microsoft\Windows\WindowsAI;DisableAIDataAnalysis
privacy.disable-reserved-storage,Disable Reserved Storage,CreateRegistryTweak,yes,,WindowsOptimizer.App/Services/TweakProviders/LegacyTweakProvider.cs#L1316,Software\Microsoft\Windows\CurrentVersion\ReserveManager;DisableDeletes
privacy.disable-resume,Disable Resume Experiences,CreateRegistryTweak,yes,,WindowsOptimizer.App/Services/TweakProviders/LegacyTweakProvider.cs#L1008,Software\Microsoft\Windows\CurrentVersion\CrossDeviceResume\Configuration;IsResumeAllowed
privacy.disable-rsop-logging,Disable RSoP Logging,CreateRegistryValueBatchTweak,yes,,WindowsOptimizer.App/Services/TweakProviders/LegacyTweakProvider.cs#L1700,SOFTWARE\Microsoft\Windows NT\CurrentVersion\Winlogon;RsopLogging;SOFTWARE\Policies\Microsoft\Windows\SYSTEM;RsopLogging
privacy.disable-search-box-suggestions,Disable Search Box Suggestions,CreateRegistryTweak,yes,,WindowsOptimizer.App/Services/TweakProviders/LegacyTweakProvider.cs#L1103,Software\Policies\Microsoft\Windows\Explorer;DisableSearchBoxSuggestions
privacy.disable-search-history,Disable Search History,CreateRegistryTweak,yes,,WindowsOptimizer.App/Services/TweakProviders/LegacyTweakProvider.cs#L1092,Software\Policies\Microsoft\Windows\Explorer;DisableSearchHistory
privacy.disable-sensors,Disable Sensors,CreateRegistryTweak,yes,,WindowsOptimizer.App/Services/TweakProviders/LegacyTweakProvider.cs#L1270,Software\Policies\Microsoft\Windows\LocationAndSensors;DisableSensors
privacy.disable-sleep-study-diagnostics,Disable Sleep Study Diagnostics,CreateRegistryValueBatchTweak,yes,,WindowsOptimizer.App/Services/TweakProviders/LegacyTweakProvider.cs#L1895,SOFTWARE\Microsoft\Windows\CurrentVersion\WINEVT\Channels\Microsoft-Windows-SleepStudy/Diagnostic;Enabled;SOFTWARE\Microsoft\Windows\CurrentVersion\WINEVT\Channels\Microsoft-Windows-Kernel-Processor-Power/Diagnostic;Enabled;SOFTWARE\Microsoft\Windows\CurrentVersion\WINEVT\Channels\Microsoft-Windows-UserModePowerService/Diagnostic;Enabled
privacy.disable-steps-recorder,Disable Steps Recorder,CreateCompositeTweak,yes,,WindowsOptimizer.App/Services/TweakProviders/LegacyTweakProvider.cs#L1280,Disable Steps Recorder;Disables Steps Recorder to prevent recording user actions.
privacy.disable-suggestions,Disable Suggestions & Tips,CreateRegistryValueSetTweak,yes,,WindowsOptimizer.App/Services/TweakProviders/LegacyTweakProvider.cs#L1156,Software\Microsoft\Windows\CurrentVersion\ContentDeliveryManager
privacy.disable-suggestions-cdm,Disable Content Delivery Manager Suggestions,CreateRegistryValueSetTweak,yes,,WindowsOptimizer.App/Services/TweakProviders/PrivacyTweakProvider.cs#L111,Software\Microsoft\Windows\CurrentVersion\ContentDeliveryManager
privacy.disable-sync-settings,Disable Settings Sync,CreateRegistryValueSetTweak,yes,,WindowsOptimizer.App/Services/TweakProviders/LegacyTweakProvider.cs#L1063,Software\Policies\Microsoft\Windows\SettingSync
privacy.disable-telemetry-change-notifications,Disable Diagnostic Data Change Notifications,CreateRegistryTweak,yes,,WindowsOptimizer.App/Services/TweakProviders/LegacyTweakProvider.cs#L1585,Software\Policies\Microsoft\Windows\DataCollection;DisableTelemetryOptInChangeNotification
privacy.disable-telemetry-optin-ui,Disable Diagnostic Data Opt-in UI,CreateRegistryTweak,yes,,WindowsOptimizer.App/Services/TweakProviders/LegacyTweakProvider.cs#L1575,Software\Policies\Microsoft\Windows\DataCollection;DisableTelemetryOptInSettingsUx
privacy.disable-wer,Disable Windows Error Reporting,CreateRegistryTweak,yes,,WindowsOptimizer.App/Services/TweakProviders/PrivacyTweakProvider.cs#L72,Software\Policies\Microsoft\Windows\Windows Error Reporting;Disabled
privacy.disable-windows-location-provider,Disable Windows Location Provider,CreateRegistryTweak,yes,,WindowsOptimizer.App/Services/TweakProviders/LegacyTweakProvider.cs#L1260,Software\Policies\Microsoft\Windows\LocationAndSensors;DisableWindowsLocationProvider
privacy.disable-windows-tips,Disable Windows Tips & Tricks,CreateRegistryTweak,yes,,WindowsOptimizer.App/Services/TweakProviders/PrivacyTweakProvider.cs#L85,Software\Microsoft\Windows\CurrentVersion\ContentDeliveryManager;SubscribedContent-338389Enabled
privacy.disable-wmplayer-telemetry,Disable Windows Media Player Telemetry,CreateRegistryValueSetTweak,yes,,WindowsOptimizer.App/Services/TweakProviders/LegacyTweakProvider.cs#L1043,Software\Microsoft\MediaPlayer\Preferences
privacy.hide-last-logged-in-user,Hide Last Logged-In User,CreateRegistryTweak,yes,,WindowsOptimizer.App/Services/TweakProviders/LegacyTweakProvider.cs#L1921,SOFTWARE\Microsoft\Windows\CurrentVersion\Policies\System;DontDisplayLastUserName
privacy.hide-recommended-personalized-sites,Hide Start Personalized Site Recommendations (Policy),CreateRegistryTweak,yes,,WindowsOptimizer.App/Services/TweakProviders/LegacyTweakProvider.cs#L1135,Software\Policies\Microsoft\Windows\Explorer;HideRecommendedPersonalizedSites
privacy.hide-recommended-personalized-sites-user,Hide Start Personalized Site Recommendations (User),CreateRegistryTweak,yes,,WindowsOptimizer.App/Services/TweakProviders/LegacyTweakProvider.cs#L1145,Software\Policies\Microsoft\Windows\Explorer;HideRecommendedPersonalizedSites
privacy.hide-recommended-section,Hide Start Recommended Section (Policy),CreateRegistryTweak,yes,,WindowsOptimizer.App/Services/TweakProviders/LegacyTweakProvider.cs#L1114,Software\Policies\Microsoft\Windows\Explorer;HideRecommendedSection
privacy.hide-recommended-section-user,Hide Start Recommended Section (User),CreateRegistryTweak,yes,,WindowsOptimizer.App/Services/TweakProviders/LegacyTweakProvider.cs#L1124,Software\Policies\Microsoft\Windows\Explorer;HideRecommendedSection
privacy.hide-username-at-signin,Hide Username at Sign-In,CreateRegistryTweak,yes,,WindowsOptimizer.App/Services/TweakProviders/LegacyTweakProvider.cs#L1931,SOFTWARE\Microsoft\Windows\CurrentVersion\Policies\System;DontDisplayUserName
privacy.limit-diagnostic-log-collection,Limit Diagnostic Log Collection,CreateRegistryTweak,yes,,WindowsOptimizer.App/Services/TweakProviders/LegacyTweakProvider.cs#L1525,Software\Policies\Microsoft\Windows\DataCollection;LimitDiagnosticLogCollection
privacy.limit-dump-collection,Limit Dump Collection,CreateRegistryTweak,yes,,WindowsOptimizer.App/Services/TweakProviders/LegacyTweakProvider.cs#L1565,Software\Policies\Microsoft\Windows\DataCollection;LimitDumpCollection
privacy.troubleshooter-dont-run,Troubleshooter: Don't Run Any,CreateRegistryValueBatchTweak,yes,,WindowsOptimizer.App/Services/TweakProviders/LegacyTweakProvider.cs#L1710,SOFTWARE\Microsoft\WindowsMitigation;UserPreference;SOFTWARE\Policies\Microsoft\Windows\Troubleshooting\AllowRecommendations;TroubleshootingAllowRecommendations
security.disable-downloads-blocking,Disable Downloads Blocking,CreateRegistryTweak,yes,,WindowsOptimizer.App/Services/TweakProviders/LegacyTweakProvider.cs#L1461,Software\Microsoft\Windows\CurrentVersion\Policies\Attachments;SaveZoneInformation
security.disable-ntfs-encryption,Disable NTFS Encryption (EFS),CreateRegistryValueBatchTweak,yes,,WindowsOptimizer.App/Services/TweakProviders/SecurityTweakProvider.cs#L176,System\CurrentControlSet\Policies;NtfsDisableEncryption;System\CurrentControlSet\Control\FileSystem;NtfsDisableEncryption
security.disable-p2p-updates,Disable P2P Updates,CreateRegistryTweak,yes,,WindowsOptimizer.App/Services/TweakProviders/LegacyTweakProvider.cs#L1400,SOFTWARE\Microsoft\PolicyManager\default\DeliveryOptimization;DODownloadMode
security.disable-password-reveal,Disable Password Reveal Button,CreateRegistryTweak,yes,,WindowsOptimizer.App/Services/TweakProviders/SecurityTweakProvider.cs#L57,Software\Policies\Microsoft\Windows\CredUI;DisablePasswordReveal
security.disable-picture-password,Disable Picture Password Sign-In,CreateRegistryTweak,yes,,WindowsOptimizer.App/Services/TweakProviders/SecurityTweakProvider.cs#L69,Software\Policies\Microsoft\Windows\System;BlockDomainPicturePassword
security.disable-remote-assistance,Disable Remote Assistance,CreateRegistryTweak,yes,,WindowsOptimizer.App/Services/TweakProviders/SecurityTweakProvider.cs#L164,Software\Policies\Microsoft\Windows NT\Terminal Services;fAllowToGetHelp
security.disable-system-mitigations,Disable System Mitigations,CreateRegistryValueBatchTweak,yes,,WindowsOptimizer.App/Services/TweakProviders/SecurityTweakProvider.cs#L95,System\CurrentControlSet\Control\Session Manager\kernel;MitigationOptions;System\CurrentControlSet\Control\Session Manager\kernel;MitigationAuditOptions
security.disable-system-restore,Disable System Restore,CreateRegistryTweak,yes,,WindowsOptimizer.App/Services/TweakProviders/LegacyTweakProvider.cs#L1451,SOFTWARE\Microsoft\Windows NT\CurrentVersion\SystemRestore;RPSessionInterval
security.disable-uac,Disable UAC (Full),CreateRegistryTweak,yes,,WindowsOptimizer.App/Services/TweakProviders/SecurityTweakProvider.cs#L33,SOFTWARE\Microsoft\Windows\CurrentVersion\Policies\System;EnableLUA
security.disable-vbs,Disable VBS (HVCI),CreateRegistryValueSetTweak,yes,,WindowsOptimizer.App/Services/TweakProviders/SecurityTweakProvider.cs#L107,SOFTWARE\Policies\Microsoft\Windows\DeviceGuard
security.disable-windows-firewall,Disable Windows Firewall,CreateRegistryValueBatchTweak,yes,,WindowsOptimizer.App/Services/TweakProviders/SecurityTweakProvider.cs#L82,System\CurrentControlSet\Services\SharedAccess\Parameters\FirewallPolicy\DomainProfile;EnableFirewall;System\CurrentControlSet\Services\SharedAccess\Parameters\FirewallPolicy\StandardProfile;EnableFirewall;System\CurrentControlSet\Services\SharedAccess\Parameters\FirewallPolicy\PublicProfile;EnableFirewall
security.disable-windows-update,Disable Windows Update,CreateRegistryValueBatchTweak,yes,,WindowsOptimizer.App/Services/TweakProviders/SecurityTweakProvider.cs#L135,SOFTWARE\Microsoft\WindowsUpdate\UX\Settings;PauseFeatureUpdatesEndTime;2030-01-01T00:00:00Z;SOFTWARE\Microsoft\WindowsUpdate\UX\Settings;PauseQualityUpdatesEndTime;2030-01-01T00:00:00Z;SOFTWARE\Microsoft\WindowsUpdate\UX\Settings;PauseUpdatesExpiryTime;2030-01-01T00:00:00Z;SOFTWARE\Policies\Microsoft\Windows\WindowsUpdate;DisableWindowsUpdateAccess;SOFTWARE\Policies\Microsoft\Windows\WindowsUpdate\AU;NoAutoUpdate
security.disable-wpbt,Disable WPBT Execution,CreateRegistryTweak,yes,,WindowsOptimizer.App/Services/TweakProviders/SecurityTweakProvider.cs#L122,System\CurrentControlSet\Control\Session Manager;DisableWpbtExecution
security.disable-wu-driver-updates,Disable WU Driver Updates,CreateRegistryValueBatchTweak,yes,,WindowsOptimizer.App/Services/TweakProviders/SecurityTweakProvider.cs#L150,SOFTWARE\Policies\Microsoft\Windows\WindowsUpdate;ExcludeWUDriversInQualityUpdate;SOFTWARE\Policies\Microsoft\Windows\DriverSearching;SearchOrderConfig;SOFTWARE\Policies\Microsoft\Windows\DriverSearching;DontSearchWindowsUpdate
security.enable-dynamic-lock,Enable Dynamic Lock,CreateRegistryTweak,yes,,WindowsOptimizer.App/Services/TweakProviders/LegacyTweakProvider.cs#L62,Software\Microsoft\Windows NT\CurrentVersion\Winlogon;EnableGoodbye
security.enable-sudo,Enable Windows Sudo,CreateRegistryTweak,yes,,WindowsOptimizer.App/Services/TweakProviders/SecurityTweakProvider.cs#L201,Software\Policies\Microsoft\Windows\Sudo;Enabled
security.powershell-unrestricted,Set PowerShell Policy to Unrestricted,CreateRegistryTweak,yes,,WindowsOptimizer.App/Services/TweakProviders/SecurityTweakProvider.cs#L189,SOFTWARE\Microsoft\PowerShell\1\ShellIds\Microsoft.PowerShell;ExecutionPolicy
security.trusted-path-credential-prompting,Require Trusted Path for Credentials,CreateRegistryTweak,yes,,WindowsOptimizer.App/Services/TweakProviders/SecurityTweakProvider.cs#L45,Software\Microsoft\Windows\CurrentVersion\Policies\CredUI;EnableSecureCredentialPrompting
security.uac-never-notify,Set UAC to Never Notify,CreateRegistryValueSetTweak,yes,,WindowsOptimizer.App/Services/TweakProviders/SecurityTweakProvider.cs#L18,SOFTWARE\Microsoft\Windows\CurrentVersion\Policies\System
system-check-disk-health,Check Disk Health (C:),base,yes,Performs a read-only check of the C: drive for file system errors without making any changes. Provides information about disk health and potential issues.,WindowsOptimizer.Engine/Tweaks/Commands/System/CheckDiskHealthTweak.cs#L13,Check Disk Health (C:);Performs a read-only check of the C: drive for file system errors without making any changes. Provides information about disk health and potential issues.
system.aero-shake,Disable Aero Shake,CreateRegistryTweak,yes,,WindowsOptimizer.App/Services/TweakProviders/LegacyTweakProvider.cs#L40,Software\Policies\Microsoft\Windows\Explorer;NoWindowMinimizingShortcuts
system.bsod-disable-auto-reboot,Disable Auto Reboot on Crash,CreateRegistryTweak,yes,,WindowsOptimizer.App/Services/TweakProviders/SystemRegistryTweakProvider.cs#L383,SYSTEM\CurrentControlSet\Control\CrashControl;AutoReboot
system.bsod-display-parameters,Show BSOD Parameters,CreateRegistryTweak,yes,,WindowsOptimizer.App/Services/TweakProviders/SystemRegistryTweakProvider.cs#L371,SYSTEM\CurrentControlSet\Control\CrashControl;DisplayParameters
system.disable-app-archiving,Disable Automatic App Archiving,CreateRegistryTweak,yes,,WindowsOptimizer.App/Services/TweakProviders/SystemRegistryTweakProvider.cs#L421,SOFTWARE\Policies\Microsoft\Windows\Appx;AllowAutomaticAppArchiving
system.disable-auto-maintenance,Disable Automatic Maintenance,CreateRegistryTweak,yes,,WindowsOptimizer.App/Services/TweakProviders/LegacyTweakProvider.cs#L105,SOFTWARE\Microsoft\Windows NT\CurrentVersion\Schedule\Maintenance;MaintenanceDisabled
system.disable-background-gp-updates,Disable Background Group Policy Updates,CreateRegistryTweak,yes,,WindowsOptimizer.App/Services/TweakProviders/LegacyTweakProvider.cs#L95,Software\Microsoft\Windows\CurrentVersion\Policies\System;DisableBkGndGroupPolicy
system.disable-clipboard-history,Disable Clipboard History & Sync,CreateRegistryValueSetTweak,yes,,WindowsOptimizer.App/Services/TweakProviders/LegacyTweakProvider.cs#L73,Software\Policies\Microsoft\Windows\System
system.disable-clipboard-redirection,Disable Clipboard Redirection (RDP),CreateRegistryTweak,yes,,WindowsOptimizer.App/Services/TweakProviders/LegacyTweakProvider.cs#L85,SOFTWARE\Policies\Microsoft\Windows NT\Terminal Services;fDisableClip
system.disable-fullscreen-optimizations,Disable Fullscreen Optimizations,CreateRegistryValueSetTweak,yes,,WindowsOptimizer.App/Services/TweakProviders/SystemRegistryTweakProvider.cs#L316,System\GameConfigStore
system.disable-game-dvr,Disable Game DVR,CreateRegistryTweak,yes,,WindowsOptimizer.App/Services/TweakProviders/SystemRegistryTweakProvider.cs#L303,System\GameConfigStore;GameDVR_Enabled
system.disable-jpeg-reduction,Disable JPEG Reduction,CreateRegistryTweak,yes,,WindowsOptimizer.App/Services/TweakProviders/LegacyTweakProvider.cs#L51,Control Panel\Desktop;JPEGImportQuality
system.disable-non-essential-services,Disable Non-Essential Services,CreateServiceStartModeBatchTweak,yes,PrintWorkflowUserSvc_*,WindowsOptimizer.App/Services/TweakProviders/SystemTweakProvider.cs#L103,DiagTrack;dmwappushservice;SysMain;WSearch;WerSvc;Spooler;PrintNotify;PrintWorkflowUserSvc_*;PrintDeviceConfigurationService;PrintScanBrokerService;bthserv;BluetoothUserService_*;BTAGService
system.disable-restartable-apps,Disable Restartable Apps,CreateRegistryTweak,yes,,WindowsOptimizer.App/Services/TweakProviders/LegacyTweakProvider.cs#L387,Software\Microsoft\Windows NT\CurrentVersion\Winlogon;RestartApps
system.disable-scheduled-tasks,Disable Telemetry & Maintenance Tasks,CreateScheduledTaskBatchTweak,yes,,WindowsOptimizer.App/Services/TweakProviders/SystemTweakProvider.cs#L86,\Microsoft\Windows\Application Experience\MareBackup;\Microsoft\Windows\Application Experience\Microsoft Compatibility Appraiser;\Microsoft\Windows\Customer Experience Improvement Program\Consolidator;\Microsoft\Windows\Customer Experience Improvement Program\UsbCeip;\Microsoft\Windows\DiskCleanup\SilentCleanup;\Microsoft\Windows\Feedback\Siuf\DmClient;\Microsoft\Windows\Windows Error Reporting\QueueReporting
system.disable-search-highlights,Disable Search Highlights,CreateRegistryTweak,yes,,WindowsOptimizer.App/Services/TweakProviders/SystemTweakProvider.cs#L72,Software\Microsoft\Windows\CurrentVersion\SearchSettings;IsDynamicSearchBoxEnabled
system.disable-search-highlights-policy,Disable Search Highlights (Policy),CreateRegistryTweak,yes,,WindowsOptimizer.App/Services/TweakProviders/LegacyTweakProvider.cs#L824,Software\Policies\Microsoft\Windows\Windows Search;EnableDynamicContentInWSB
system.disable-search-remote-queries,Disable Remote Search Queries,CreateRegistryTweak,yes,,WindowsOptimizer.App/Services/TweakProviders/SystemRegistryTweakProvider.cs#L346,SOFTWARE\Policies\Microsoft\Windows\Windows Search;PreventRemoteQueries
system.disable-search-web-results,Disable Web Search Results,CreateRegistryTweak,yes,,WindowsOptimizer.App/Services/TweakProviders/SystemRegistryTweakProvider.cs#L334,SOFTWARE\Policies\Microsoft\Windows\Windows Search;DoNotUseWebResults
system.disable-service-splitting,Disable Service Splitting,CreateRegistryTweak,yes,,WindowsOptimizer.App/Services/TweakProviders/LegacyTweakProvider.cs#L834,System\CurrentControlSet\Control;SvcHostSplitThresholdInKB
system.disable-services-drivers,Disable Services/Drivers,CreateServiceStartModeBatchTweak,yes,,WindowsOptimizer.App/Services/TweakProviders/LegacyTweakProvider.cs#L2062,bam;dam;ShellHWDetection;Beep;WbioSrvc;BTAGService;BluetoothUserService_*;BthA2dp;BthAvctpSvc;BthEnum;BthHFEnum;BthLEEnum;BthMini;BTHMODEM;BTHPORT;bthserv;BTHUSB;DeviceAssociationBrokerSvc;DeviceAssociationService;Microsoft_Bluetooth_AvrcpTransport;RFCOMM;BcastDVRUserService;FrameServer;FrameServerMonitor;cdrom;cbdhsvc;DsmSvc;Dhcp;DusmSvc;DPS;diagsvc;WdiServiceHost;WdiSystemHost;TroubleshootingSvc;Ndu;MicrosoftEdgeElevationService;edgeupdate;edgeupdatem;LanmanServer;LanmanWorkstation;GameInputSvc;bttflt;gencounter;hvcrash;HvHost;hvservice;hyperkbd;HyperVideo;storflt;Vid;vmbus;vmgid;vmicguestinterface;vmicheartbeat;vmickvpexchange;vmicrdv;vmicshutdown;vmictimesync;vmicvmsession;vmicvss;vpci;Tcpip6;IpxlatCfgSvc;iphlpsvc;lfsvc;MapsBroker;fdPHost;FDResPub;SSDPSRV;upnphost;MsLldp;rspndr;lltdio;lltdsvc;ClickToRunSvc;PhoneSvc;TapiSrv;RmSvc;WpcMonSvc;McpManagementService;PrintDeviceConfigurationService;PrintNotify;PrintScanBrokerService;PrintWorkflowUserSvc;Spooler;usbprint;CloudBackupRestoreSvc;SDRSVC;swprv;VSS;wbengine;RemoteAccess;RemoteRegistry;SessionEnv;TermService;UmRdpService;SensorDataService;SensrSvc;SensorService;wlidsvc;CertPropSvc;SCardSvr;ScDeviceEnum;SCPolicySvc;scfilter;SysMain;AppXSvc;camsvc;ClipSVC;InstallService;LicenseManager;PushToInstall;lmhosts;DiagTrack;dmwappushservice;InventorySvc;PcaSvc;wuqisvc;Themes;W32Time;autotimesvc;tzautoupdate;luafv;UnistoreSvc;UserDataSvc;WerSvc;wercplsupport;WlanSvc;vwififlt;wisvc;WSearch;WaaSMedicSvc;UsoSvc;wuauserv;XboxGipSvc;xboxgip;XblAuthManager;XblGameSave;XboxNetApiSvc;WalletService;PenService;buttonconverter
system.disable-shortcut-arrow,Remove Shortcut Arrow Overlay,CreateRegistryTweak,yes,SOFTWARE\Microsoft\Windows\CurrentVersion\Explorer\Shell Icons,WindowsOptimizer.App/Services/TweakProviders/SystemTweakProvider.cs#L60,SOFTWARE\Microsoft\Windows\CurrentVersion\Explorer\Shell Icons;29
system.disable-startup-delay,Disable Startup Program Delay,CreateRegistryTweak,yes,,WindowsOptimizer.App/Services/TweakProviders/SystemTweakProvider.cs#L34,Software\Microsoft\Windows\CurrentVersion\Explorer\Serialize;StartupDelayInMSec
system.disable-storage-sense,Disable Storage Sense,CreateRegistryTweak,yes,,WindowsOptimizer.App/Services/TweakProviders/LegacyTweakProvider.cs#L804,Software\Policies\Microsoft\Windows\StorageSense;AllowStorageSenseGlobal
system.disable-storage-sense-temp-cleanup,Disable Storage Sense Temporary Files Cleanup,CreateRegistryTweak,yes,,WindowsOptimizer.App/Services/TweakProviders/LegacyTweakProvider.cs#L814,Software\Policies\Microsoft\Windows\StorageSense;AllowStorageSenseTemporaryFilesCleanup
system.disable-store-open-with,Disable Store in Open With,CreateRegistryTweak,yes,,WindowsOptimizer.App/Services/TweakProviders/LegacyTweakProvider.cs#L169,Software\Policies\Microsoft\Windows\Explorer;NoUseStoreOpenWith
system.disable-windows-search-service,Disable Windows Search Service,CreateServiceStartModeBatchTweak,yes,,WindowsOptimizer.App/Services/TweakProviders/LegacyTweakProvider.cs#L2214,WSearch
system.dwm-disable-mpo,DWM: Disable Multiplane Overlay (MPO),CreateRegistryTweak,yes,,WindowsOptimizer.App/Services/TweakProviders/SystemRegistryTweakProvider.cs#L201,SOFTWARE\Microsoft\Windows\Dwm;OverlayTestMode
system.dwm-disable-overlay-min-fps,DWM: Disable Overlay Minimum FPS,CreateRegistryTweak,yes,,WindowsOptimizer.App/Services/TweakProviders/SystemRegistryTweakProvider.cs#L213,SOFTWARE\Microsoft\Windows\Dwm;OverlayMinFPS
system.enable-game-mode,Enable Game Mode,CreateRegistryTweak,yes,,WindowsOptimizer.App/Services/TweakProviders/SystemTweakProvider.cs#L21,Software\Microsoft\GameBar;AutoGameModeEnabled
system.enable-hags,Enable Hardware-Accelerated GPU Scheduling,CreateRegistryTweak,yes,,WindowsOptimizer.App/Services/TweakProviders/LegacyTweakProvider.cs#L794,System\CurrentControlSet\Control\GraphicsDrivers;HwSchMode
system.enable-indexing-encrypted-items,Enable Indexing of Encrypted Items,CreateRegistryTweak,yes,,WindowsOptimizer.App/Services/TweakProviders/SystemRegistryTweakProvider.cs#L358,SOFTWARE\Policies\Microsoft\Windows\Windows Search;AllowIndexingEncryptedStoresOrItems
system.graphics-disable-overlays,Graphics: Disable Overlay Planes,CreateRegistryTweak,yes,,WindowsOptimizer.App/Services/TweakProviders/SystemRegistryTweakProvider.cs#L188,SYSTEM\CurrentControlSet\Control\GraphicsDrivers;DisableOverlays
system.graphics-tdr-ddi-delay,Graphics: TDR DDI Delay (Default),CreateRegistryTweak,yes,,WindowsOptimizer.App/Services/TweakProviders/SystemRegistryTweakProvider.cs#L140,SYSTEM\CurrentControlSet\Control\GraphicsDrivers;TdrDdiDelay
system.graphics-tdr-delay,Graphics: TDR Delay (Default),CreateRegistryTweak,yes,,WindowsOptimizer.App/Services/TweakProviders/SystemRegistryTweakProvider.cs#L128,SYSTEM\CurrentControlSet\Control\GraphicsDrivers;TdrDelay
system.graphics-tdr-level,Graphics: TDR Level (Default),CreateRegistryTweak,yes,,WindowsOptimizer.App/Services/TweakProviders/SystemRegistryTweakProvider.cs#L152,SYSTEM\CurrentControlSet\Control\GraphicsDrivers;TdrLevel
system.graphics-tdr-limit-count,Graphics: TDR Limit Count (Default),CreateRegistryTweak,yes,,WindowsOptimizer.App/Services/TweakProviders/SystemRegistryTweakProvider.cs#L164,SYSTEM\CurrentControlSet\Control\GraphicsDrivers;TdrLimitCount
system.graphics-tdr-limit-time,Graphics: TDR Limit Time (Default),CreateRegistryTweak,yes,,WindowsOptimizer.App/Services/TweakProviders/SystemRegistryTweakProvider.cs#L176,SYSTEM\CurrentControlSet\Control\GraphicsDrivers;TdrLimitTime
system.kernel-adjust-dpc-threshold,Kernel: Adjust DPC Threshold,CreateRegistryTweak,yes,,WindowsOptimizer.App/Services/TweakProviders/SystemRegistryTweakProvider.cs#L31,SYSTEM\CurrentControlSet\Control\Session Manager\Kernel;AdjustDpcThreshold
system.kernel-disable-low-qos-timer-resolution,Kernel: Disable Low QoS Timer Resolution,CreateRegistryTweak,yes,,WindowsOptimizer.App/Services/TweakProviders/SystemRegistryTweakProvider.cs#L115,SYSTEM\CurrentControlSet\Control\Session Manager\Kernel;DisableLowQosTimerResolution
system.kernel-dpc-queue-depth,Kernel: DPC Queue Depth,CreateRegistryTweak,yes,,WindowsOptimizer.App/Services/TweakProviders/SystemRegistryTweakProvider.cs#L67,SYSTEM\CurrentControlSet\Control\Session Manager\Kernel;DpcQueueDepth
system.kernel-dpc-watchdog-period,Kernel: DPC Watchdog Period,CreateRegistryTweak,yes,,WindowsOptimizer.App/Services/TweakProviders/SystemRegistryTweakProvider.cs#L79,SYSTEM\CurrentControlSet\Control\Session Manager\Kernel;DpcWatchdogPeriod
system.kernel-ideal-dpc-rate,Kernel: Ideal DPC Rate,CreateRegistryTweak,yes,,WindowsOptimizer.App/Services/TweakProviders/SystemRegistryTweakProvider.cs#L43,SYSTEM\CurrentControlSet\Control\Session Manager\Kernel;IdealDpcRate
system.kernel-minimum-dpc-rate,Kernel: Minimum DPC Rate,CreateRegistryTweak,yes,,WindowsOptimizer.App/Services/TweakProviders/SystemRegistryTweakProvider.cs#L55,SYSTEM\CurrentControlSet\Control\Session Manager\Kernel;MinimumDpcRate
system.kernel-serialize-timer-expiration,Kernel: Serialize Timer Expiration,CreateRegistryTweak,yes,,WindowsOptimizer.App/Services/TweakProviders/SystemRegistryTweakProvider.cs#L91,SYSTEM\CurrentControlSet\Control\Session Manager\Kernel;SerializeTimerExpiration
system.kernel-thread-dpc-enable,Kernel: Threaded DPC Enable,CreateRegistryTweak,yes,,WindowsOptimizer.App/Services/TweakProviders/SystemRegistryTweakProvider.cs#L103,SYSTEM\CurrentControlSet\Control\Session Manager\Kernel;ThreadDpcEnable
system.memory-clear-pagefile-at-shutdown,Clear Page File at Shutdown,CreateRegistryTweak,yes,,WindowsOptimizer.App/Services/TweakProviders/SystemRegistryTweakProvider.cs#L396,SYSTEM\CurrentControlSet\Control\Session Manager\Memory Management;ClearPageFileAtShutdown
system.memory-disable-paging-executive,Disable Paging Executive,CreateRegistryTweak,yes,,WindowsOptimizer.App/Services/TweakProviders/SystemRegistryTweakProvider.cs#L408,SYSTEM\CurrentControlSet\Control\Session Manager\Memory Management;DisablePagingExecutive
system.ntfs-disable-8dot3,Disable 8.3 Name Creation,CreateRegistryTweak,yes,,WindowsOptimizer.App/Services/TweakProviders/SystemRegistryTweakProvider.cs#L226,SYSTEM\CurrentControlSet\Control\FileSystem;NtfsDisable8dot3NameCreation
system.ntfs-disable-last-access,Disable Last Access Updates,CreateRegistryTweak,yes,,WindowsOptimizer.App/Services/TweakProviders/SystemRegistryTweakProvider.cs#L238,SYSTEM\CurrentControlSet\Control\FileSystem;NtfsDisableLastAccessUpdate
system.ntfs-enable-long-paths,Enable Win32 Long Paths,CreateRegistryTweak,yes,,WindowsOptimizer.App/Services/TweakProviders/SystemRegistryTweakProvider.cs#L250,SYSTEM\CurrentControlSet\Control\FileSystem;LongPathsEnabled
system.ntfs-reset-memory-usage,Reset NTFS Memory Usage,CreateRegistryTweak,yes,,WindowsOptimizer.App/Services/TweakProviders/SystemRegistryTweakProvider.cs#L262,SYSTEM\CurrentControlSet\Control\FileSystem;NtfsMemoryUsage
system.ntfs-reset-mft-zone,Reset NTFS MFT Zone Reservation,CreateRegistryTweak,yes,,WindowsOptimizer.App/Services/TweakProviders/SystemRegistryTweakProvider.cs#L274,SYSTEM\CurrentControlSet\Control\FileSystem;NtfsMftZoneReservation
system.priority-control,Set Foreground Scheduling Priority,CreateRegistryTweak,yes,,WindowsOptimizer.App/Services/TweakProviders/SystemRegistryTweakProvider.cs#L18,SYSTEM\CurrentControlSet\Control\PriorityControl;Win32PrioritySeparation
system.reduce-shutdown-timeouts,Reduce Shutdown Timeouts,CreateRegistryValueBatchTweak,yes,,WindowsOptimizer.App/Services/TweakProviders/SystemRegistryTweakProvider.cs#L287,SYSTEM\CurrentControlSet\Control;WaitToKillServiceTimeout;2500;Control Panel\Desktop;WaitToKillAppTimeout;2500;Control Panel\Desktop;HungAppTimeout;1500;Control Panel\Desktop;AutoEndTasks;1
system.verbose-status-messages,Enable Verbose Status Messages,CreateRegistryTweak,yes,,WindowsOptimizer.App/Services/TweakProviders/SystemTweakProvider.cs#L47,SOFTWARE\Microsoft\Windows\CurrentVersion\Policies\System;VerboseStatus
visibility.default-account-picture,Use Default Account Picture,CreateRegistryTweak,yes,,WindowsOptimizer.App/Services/TweakProviders/LegacyTweakProvider.cs#L200,Software\Microsoft\Windows\CurrentVersion\Policies\Explorer;UseDefaultTile
visibility.disable-acrylic-logon,Disable Acrylic Logon Background,CreateRegistryTweak,yes,,WindowsOptimizer.App/Services/TweakProviders/LegacyTweakProvider.cs#L356,Software\Policies\Microsoft\Windows\System;DisableAcrylicBackgroundOnLogon
visibility.disable-common-control-animations,Disable Common Control Animations,CreateRegistryTweak,yes,,WindowsOptimizer.App/Services/TweakProviders/LegacyTweakProvider.cs#L179,Software\Microsoft\Windows\CurrentVersion\Policies\Explorer;TurnOffSPIAnimations
visibility.disable-first-signin-animation,Disable First Sign-In Animation,CreateRegistryTweak,yes,,WindowsOptimizer.App/Services/TweakProviders/LegacyTweakProvider.cs#L220,Software\Microsoft\Windows\CurrentVersion\Policies\System;EnableFirstLogonAnimation
visibility.disable-lock-screen,Disable Lock Screen,CreateRegistryTweak,yes,,WindowsOptimizer.App/Services/TweakProviders/LegacyTweakProvider.cs#L306,Software\Policies\Microsoft\Windows\Personalization;NoLockScreen
visibility.disable-lock-screen-camera,Disable Lock Screen Camera,CreateRegistryTweak,yes,,WindowsOptimizer.App/Services/TweakProviders/LegacyTweakProvider.cs#L316,Software\Policies\Microsoft\Windows\Personalization;NoLockScreenCamera
visibility.disable-lock-screen-changes,Prevent Changing Lock Screen,CreateRegistryTweak,yes,,WindowsOptimizer.App/Services/TweakProviders/LegacyTweakProvider.cs#L346,Software\Policies\Microsoft\Windows\Personalization;NoChangingLockScreen
visibility.disable-lock-screen-motion,Disable Lock Screen Background Motion,CreateRegistryTweak,yes,,WindowsOptimizer.App/Services/TweakProviders/LegacyTweakProvider.cs#L336,Software\Policies\Microsoft\Windows\Personalization;AnimateLockScreenBackground
visibility.disable-lock-screen-slideshow,Disable Lock Screen Slideshow,CreateRegistryTweak,yes,,WindowsOptimizer.App/Services/TweakProviders/LegacyTweakProvider.cs#L326,Software\Policies\Microsoft\Windows\Personalization;NoLockScreenSlideshow
visibility.disable-spotlight-action-center,Disable Windows Spotlight on Action Center,CreateRegistryTweak,yes,,WindowsOptimizer.App/Services/TweakProviders/LegacyTweakProvider.cs#L273,Software\Policies\Microsoft\Windows\CloudContent;DisableWindowsSpotlightOnActionCenter
visibility.disable-spotlight-desktop-collection,Disable Spotlight Collection on Desktop,CreateRegistryTweak,yes,,WindowsOptimizer.App/Services/TweakProviders/LegacyTweakProvider.cs#L295,Software\Policies\Microsoft\Windows\CloudContent;DisableSpotlightCollectionOnDesktop
visibility.disable-spotlight-features,Disable Windows Spotlight Features,CreateRegistryTweak,yes,,WindowsOptimizer.App/Services/TweakProviders/LegacyTweakProvider.cs#L251,Software\Policies\Microsoft\Windows\CloudContent;DisableWindowsSpotlightFeatures
visibility.disable-spotlight-settings,Disable Windows Spotlight on Settings,CreateRegistryTweak,yes,,WindowsOptimizer.App/Services/TweakProviders/LegacyTweakProvider.cs#L284,Software\Policies\Microsoft\Windows\CloudContent;DisableWindowsSpotlightOnSettings
visibility.disable-spotlight-third-party,Disable Spotlight Third-Party Suggestions,CreateRegistryTweak,yes,,WindowsOptimizer.App/Services/TweakProviders/LegacyTweakProvider.cs#L366,Software\Policies\Microsoft\Windows\CloudContent;DisableThirdPartySuggestions
visibility.disable-spotlight-welcome,Disable Windows Spotlight Welcome Experience,CreateRegistryTweak,yes,,WindowsOptimizer.App/Services/TweakProviders/LegacyTweakProvider.cs#L262,Software\Policies\Microsoft\Windows\CloudContent;DisableWindowsSpotlightWindowsWelcomeExperience
visibility.disable-wcn-wizards,Disable Windows Connect Now Wizards,CreateRegistryTweak,yes,,WindowsOptimizer.App/Services/TweakProviders/LegacyTweakProvider.cs#L210,Software\Policies\Microsoft\Windows\WCN\UI;DisableWcnUi
visibility.disable-widgets,Disable Widgets,CreateRegistryTweak,yes,,WindowsOptimizer.App/Services/TweakProviders/LegacyTweakProvider.cs#L241,SOFTWARE\Policies\Microsoft\Dsh;AllowNewsAndInterests
visibility.disable-window-animations,Disable Window Animations,CreateRegistryTweak,yes,,WindowsOptimizer.App/Services/TweakProviders/LegacyTweakProvider.cs#L190,SOFTWARE\Policies\Microsoft\Windows\DWM;DisallowAnimations
visibility.force-classic-control-panel,Force Classic Control Panel View,CreateRegistryTweak,yes,,WindowsOptimizer.App/Services/TweakProviders/LegacyTweakProvider.cs#L743,Software\Microsoft\Windows\CurrentVersion\Policies\Explorer;ForceClassicControlPanel
visibility.hide-language-bar,Hide Language Bar,CreateRegistryTweak,yes,,WindowsOptimizer.App/Services/TweakProviders/LegacyTweakProvider.cs#L230,Software\Microsoft\CTF\LangBar;ShowStatus
visibility.hide-most-used-apps,Hide Most Used Apps,CreateRegistryTweak,yes,,WindowsOptimizer.App/Services/TweakProviders/LegacyTweakProvider.cs#L377,Software\Policies\Microsoft\Windows\Explorer;ShowOrHideMostUsedApps
visibility.hide-people-bar,Hide People Bar,CreateRegistryTweak,yes,,WindowsOptimizer.App/Services/TweakProviders/LegacyTweakProvider.cs#L528,Software\Policies\Microsoft\Windows\Explorer;HidePeopleBar
