id,name,category,risk,coverage_state,has_nohuto_evidence,has_windows_internals_context,needs_review,source_repositories,matched_tokens,summary
audio.disable-beep,Disable System Beep,Audio,Safe,repo-backed,yes,no,no,win-config;decompiled-pseudocode,beep;start,"Matched 2 audit token(s) across win-config, decompiled-pseudocode. These links show where the name came from. Value semantics still come from the research record."
audio.disable-spatial-audio,Disable Spatial Audio,Audio,Advanced,repo-backed,yes,no,no,win-config;win-registry;decompiled-pseudocode,audio;disablespatialonlowlatency,"Matched 2 audit token(s) across win-config, win-registry, decompiled-pseudocode. These links show where the name came from. Value semantics still come from the research record."
audio.disable-system-sounds,Disable System Sounds,Audio,Safe,repo-backed,yes,no,no,win-config;win-registry;decompiled-pseudocode,appevents;schemes;apps;systemasterisk;current;notification;reminder;close;criticalbatteryalarm;systemhand;mailbeep;deviceconnect;devicedisconnect;devicefail;systemexclamation;lowbatteryalarm;maximize;menucommand;menupopup;messagenudge;minimize;faxbeep;mail;proximity;proximityconnection;open;printcomplete;appgpfault;systemquestion;restoredown;restoreup;ccselect;showband;systemnotification;changetheme;windowsuac;explorer;blockedpopup;activatingdocument;emptyrecyclebin;feeddiscovered;movemenuitem;securityband;navigating;sapisvr;disnumberssound;panelsound;misrecosound;huboffsound;hubonsound;hubsleepsound,"Matched 51 audit token(s) across win-config, win-registry, decompiled-pseudocode. These links show where the name came from. Value semantics still come from the research record."
audio.show-disconnected-devices,Show Disconnected Audio Devices,Audio,Safe,repo-backed,yes,no,no,win-config;decompiled-pseudocode,multimedia;audio;devicecpl;showdisconnecteddevices,"Matched 4 audit token(s) across win-config, decompiled-pseudocode. These links show where the name came from. Value semantics still come from the research record."
audio.show-hidden-devices,Show Hidden Audio Devices,Audio,Safe,repo-backed,yes,no,no,win-config;decompiled-pseudocode,multimedia;audio;devicecpl;showhiddendevices,"Matched 4 audit token(s) across win-config, decompiled-pseudocode. These links show where the name came from. Value semantics still come from the research record."
cleanup.background-history,Clear Wallpaper History,Cleanup,Safe,repo-backed,yes,no,no,win-config,background history;wallpapers;cachedfiles,Mapped to the exact nohuto cleanup section for wallpaper history registry values and cached background files.
cleanup.component-store,Cleanup Component Store,Cleanup,Safe,repo-backed,yes,no,no,win-config,winsxs;startcomponentcleanup;component store,Mapped to nohuto WinSxS cleanup guidance and Microsoft's DISM component store documentation.
cleanup.delivery-optimization,Clear Delivery Optimization Files,Cleanup,Safe,repo-backed,yes,no,no,win-config,delivery optimization;dosvc;downloader,Mapped to the exact nohuto cleanup section for Delivery Optimization cache and metadata paths.
cleanup.directx-shader-cache,Clear DirectX Shader Cache,Cleanup,Safe,repo-backed,yes,no,no,win-config,directx shader cache;d3dscache;nvidia cache,Mapped to the exact nohuto cleanup section for DirectX and vendor shader cache folders.
cleanup.disable-reserved-storage,Disable Reserved Storage,Cleanup,Advanced,repo-backed,yes,no,no,win-config,disable reserved storage,Matched 1 audit token(s) across win-config. These links show where the name came from. Value semantics still come from the research record.
cleanup.eventlog-{logName.ToLowerInvariant()},Clear {logName} Event Log,Cleanup,Advanced,repo-backed,yes,no,no,win-config,event logs;wevtutil;wevtutil cl,Mapped to nohuto event-log cleanup guidance and the official wevtutil command reference.
cleanup.font-cache,Clear Font Cache,Cleanup,Safe,repo-backed,yes,no,no,win-config,font cache;fontcache;fntcache.dat,Mapped to the exact nohuto cleanup section for FontCache service handling and cache file removal.
cleanup.internet-temp-files,Clear Temporary Internet Files,Cleanup,Safe,repo-backed,yes,no,no,win-config,temporary internet files;inetcache;webcache,"Mapped to the exact nohuto cleanup section for legacy WinINet cache, cookie, history, and WebCache paths."
cleanup.memory-dumps,Clear Memory Dump Files,Cleanup,Safe,repo-backed,yes,no,no,win-config,memory dump;livekernelreports;memory.dmp,Mapped to the exact nohuto cleanup section for LiveKernelReports and MEMORY.DMP removal.
cleanup.prefetch-files,Clear Prefetch Files,Cleanup,Safe,repo-backed,yes,yes,no,win-config,prefetch;sysmain;enableprefetcher,"Mapped to nohuto cleanup guidance for prefetch files, with Windows Internals notes for SysMain and prefetch behavior."
cleanup.product-key,Remove Product Key from Registry,Cleanup,Advanced,repo-backed,yes,no,no,win-config,product key;cpky;slmgr,Mapped to nohuto product-key cleanup notes and the official slmgr /cpky documentation.
cleanup.recycle-bin,Empty Recycle Bin,Cleanup,Safe,repo-backed,yes,no,no,win-config,recycle bin;clear-recyclebin;$recycle.bin,Mapped to nohuto recycle-bin cleanup guidance and the official Clear-RecycleBin command.
cleanup.shadow-copies,Clear Shadow Copies,Cleanup,Risky,repo-backed,yes,no,no,win-config,shadow copies;vssadmin;delete shadows,Mapped to nohuto shadow-copy cleanup guidance and the official vssadmin command reference.
cleanup.srum-data,Clear SRUM Database,Cleanup,Advanced,repo-backed,yes,no,no,win-config,srum;srudb.dat;system resource usage monitor,Mapped to the exact nohuto cleanup section for the SRUM database path and usage notes.
cleanup.temp-files,Clear Temporary Files,Cleanup,Safe,repo-backed,yes,no,no,win-config,temporary files;%temp%;windows temp,Mapped to the exact nohuto cleanup section for per-user and system temp folders.
cleanup.thumbnail-cache,Clear Thumbnail Cache,Cleanup,Safe,repo-backed,yes,no,no,win-config,thumbnail cache;explorer;*.db,Mapped to the exact nohuto cleanup section for Explorer thumbnail cache databases.
cleanup.wer-files,Clear Windows Error Reporting Files,Cleanup,Safe,repo-backed,yes,no,no,win-config,wer;windows error reporting;programdata microsoft windows wer,Mapped to nohuto WER cleanup guidance and the official Windows Error Reporting documentation.
cleanup.windows-old,Delete Windows.old Folder,Cleanup,Risky,repo-backed,yes,no,no,win-config,windows.old;previous version of windows,Mapped to nohuto Windows.old cleanup guidance and the official Microsoft rollback warning.
cleanup.windows-update-cache,Clear Windows Update Cache,Cleanup,Advanced,repo-backed,yes,no,no,win-config,windows update cache;softwaredistribution;catroot2,Mapped to the exact nohuto cleanup section for SoftwareDistribution and catroot2 reset paths.
developer.dotnet-telemetry-disable,Disable .NET SDK Telemetry,Developer,Safe,repo-backed,yes,no,no,win-config,environment,Matched 1 audit token(s) across win-config. These links show where the name came from. Value semantics still come from the research record.
developer.enable-windows-long-paths,Enable Windows Long Paths,Developer,Safe,repo-backed,yes,no,no,win-config;win-registry,filesystem;longpathsenabled,"Matched 2 audit token(s) across win-config, win-registry. These links show where the name came from. Value semantics still come from the research record."
developer.nodejs-performance,Optimize Node.js Performance,Developer,Advanced,repo-backed,yes,no,no,win-config;decompiled-pseudocode,session;manager;environment,"Matched 3 audit token(s) across win-config, decompiled-pseudocode. These links show where the name came from. Value semantics still come from the research record."
developer.powershell-execution,Allow Local PowerShell Scripts,Developer,Advanced,repo-backed,yes,no,no,win-config,policies;powershell;executionpolicy,Matched 3 audit token(s) across win-config. These links show where the name came from. Value semantics still come from the research record.
developer.python-path-fix,Fix Python Path Length Issues,Developer,Safe,repo-backed,yes,no,no,win-config;win-registry,filesystem;longpathsenabled,"Matched 2 audit token(s) across win-config, win-registry. These links show where the name came from. Value semantics still come from the research record."
developer.ssh-agent-autostart,Enable SSH Agent Auto-start,Developer,Safe,unmapped,no,no,yes,,,No upstream source match found yet. Keep this tweak in review-only state.
developer.terminal-dev-mode,Enable Windows Terminal Developer Features,Developer,Safe,repo-backed,yes,no,no,win-config,terminal,Matched 1 audit token(s) across win-config. These links show where the name came from. Value semantics still come from the research record.
developer.vs-intellisense-cache,Optimize VS IntelliSense Cache,Developer,Safe,repo-backed,yes,no,no,win-config,visualstudio,Matched 1 audit token(s) across win-config. These links show where the name came from. Value semantics still come from the research record.
developer.vs-solution-load,Speed Up Visual Studio Solution Load,Developer,Safe,repo-backed,yes,no,no,win-config,visualstudio,Matched 1 audit token(s) across win-config. These links show where the name came from. Value semantics still come from the research record.
developer.vscode-git-autofetch,Disable VS Code Git Autofetch,Developer,Safe,repo-backed,yes,no,no,win-config,explorer;advanced,Matched 2 audit token(s) across win-config. These links show where the name came from. Value semantics still come from the research record.
developer.windows-dev-mode,Enable Windows Developer Mode,Developer,Advanced,unmapped,no,no,yes,,,No upstream source match found yet. Keep this tweak in review-only state.
explorer.always-show-icons-never-thumbnails,"Always Show Icons, Never Thumbnails",Explorer,Safe,repo-backed,yes,no,no,win-config,explorer;advanced,Matched 2 audit token(s) across win-config. These links show where the name came from. Value semantics still come from the research record.
explorer.disable-low-disk-space-warning,Disable Low Disk Space Warning,Explorer,Safe,repo-backed,yes,no,no,win-registry;win-config,policies;explorer;nolowdiskspacechecks,"Matched 3 audit token(s) across win-registry, win-config. These links show where the name came from. Value semantics still come from the research record."
explorer.disable-taskbar-chat,Hide Taskbar Chat Icon,Explorer,Safe,repo-backed,yes,no,no,win-config,policies;chat,Matched 2 audit token(s) across win-config. These links show where the name came from. Value semantics still come from the research record.
explorer.enable-explorer-compact-mode,Enable Compact View,Explorer,Safe,repo-backed,yes,no,no,win-registry;win-config,explorer;advanced;usecompactmode,"Matched 3 audit token(s) across win-registry, win-config. These links show where the name came from. Value semantics still come from the research record."
explorer.launch-folder-windows-in-a-separate-process,Launch Folder Windows in a Separate Process,Explorer,Safe,repo-backed,yes,no,no,win-config,explorer;advanced,Matched 2 audit token(s) across win-config. These links show where the name came from. Value semantics still come from the research record.
explorer.show-compressed-and-encrypted-files-in-color,Show Compressed and Encrypted Files in Color,Explorer,Safe,repo-backed,yes,no,no,win-config,explorer;advanced,Matched 2 audit token(s) across win-config. These links show where the name came from. Value semantics still come from the research record.
explorer.show-drive-letters-first,Show Drive Letters First,Explorer,Safe,repo-backed,yes,no,no,win-config,explorer,Matched 1 audit token(s) across win-config. These links show where the name came from. Value semantics still come from the research record.
explorer.show-file-extensions,Show File Extensions,Explorer,Safe,repo-backed,yes,no,no,win-config,explorer;advanced,Matched 2 audit token(s) across win-config. These links show where the name came from. Value semantics still come from the research record.
explorer.show-full-path,Show Full Path in Title Bar,Explorer,Safe,repo-backed,yes,no,no,win-config,explorer;cabinetstate,Matched 2 audit token(s) across win-config. These links show where the name came from. Value semantics still come from the research record.
explorer.show-hidden-files,Show Hidden Files and Folders,Explorer,Safe,repo-backed,yes,no,no,win-config,explorer;advanced;hidden,Matched 3 audit token(s) across win-config. These links show where the name came from. Value semantics still come from the research record.
explorer.show-info-tips,Show Explorer Info Tips,Explorer,Safe,repo-backed,yes,no,no,win-config,explorer;advanced,Matched 2 audit token(s) across win-config. These links show where the name came from. Value semantics still come from the research record.
explorer.show-status-bar,Show Explorer Status Bar,Explorer,Safe,repo-backed,yes,no,no,win-config;decompiled-pseudocode,explorer;advanced,"Matched 2 audit token(s) across win-config, decompiled-pseudocode. These links show where the name came from. Value semantics still come from the research record."
explorer.show-type-overlay,Display File Icons on Thumbnails,Explorer,Safe,repo-backed,yes,no,no,win-config,explorer;advanced,Matched 2 audit token(s) across win-config. These links show where the name came from. Value semantics still come from the research record.
explorer.taskbar-alignment-left,Align Taskbar to Left,Explorer,Safe,repo-backed,yes,no,no,win-config,explorer;advanced;taskbaral,Matched 3 audit token(s) across win-config. These links show where the name came from. Value semantics still come from the research record.
misc.disable-edge-features,Disable Microsoft Edge Features,Misc,Advanced,repo-backed,yes,no,no,win-config,disables;telemetry;personalization;sync;sidebar;shopping;rewards;other;edge;features;also;edgeui;various,Matched 13 audit token(s) across win-config. These links show where the name came from. Value semantics still come from the research record.
misc.disable-office-telemetry,Disable Microsoft Office Telemetry,Misc,Safe,repo-backed,yes,no,no,win-config,office telemetry;osm;preventedapplications,Mapped to nohuto Office telemetry guidance and Microsoft's Office telemetry privacy documentation.
misc.disable-onedrive,Disable OneDrive,Misc,Advanced,repo-backed,yes,no,no,win-config,disable onedrive,Matched 1 audit token(s) across win-config. These links show where the name came from. Value semantics still come from the research record.
misc.disable-visual-studio-telemetry,Disable Visual Studio Telemetry,Misc,Safe,repo-backed,yes,no,no,win-config,visual studio telemetry;sqm;feedback,"Mapped to the exact nohuto section for Visual Studio telemetry, feedback, and SQM-related registry controls."
misc.optimize-7zip-settings,Optimize 7-Zip Context Menu Settings,Misc,Safe,repo-backed,yes,no,no,win-config,7-zip;cascadedmenu;elimdupextract;menuicons;writezoneidextract,Mapped to the exact nohuto 7-Zip settings section and its documented HKCU\\Software\\7-Zip\\Options values.
network.disable-active-probing,Disable Active Probing,Network,Advanced,repo-backed,yes,yes,no,win-config,policies;networkconnectivitystatusindicator;noactiveprobe,Matched 3 audit token(s) across win-config. These links show where the name came from. Value semantics still come from the research record.
network.disable-default-shares,Disable Default Shares,Network,Advanced,repo-backed,yes,yes,no,win-config,lanmanserver;autoshareserver;autosharewks,Matched 3 audit token(s) across win-config. These links show where the name came from. Value semantics still come from the research record.
network.disable-ipv6,Disable IPv6,Network,Advanced,repo-backed,yes,yes,no,win-config,disabledcomponents;tcpip6,Matched 2 audit token(s) across win-config. These links show where the name came from. Value semantics still come from the research record.
network.disable-llmnr,Disable LLMNR,Network,Advanced,repo-backed,yes,yes,no,win-config,policies;dnsclient;enablemulticast,Matched 3 audit token(s) across win-config. These links show where the name came from. Value semantics still come from the research record.
network.disable-lltd,Set LLTD Policies to Default Behavior,Network,Advanced,repo-backed,yes,yes,no,win-config,policies;lltd,Matched 2 audit token(s) across win-config. These links show where the name came from. Value semantics still come from the research record.
network.disable-mdns,Set mDNS Policy to Local Settings,Network,Advanced,repo-backed,yes,yes,no,win-config,policies;dnsclient;enablemdns,Matched 3 audit token(s) across win-config. These links show where the name came from. Value semantics still come from the research record.
network.disable-netbios,Disable NetBIOS over TCP/IP,Network,Advanced,repo-backed,yes,yes,no,win-config;win-registry,disable;netbios;over;disables;enabled;adapters;using;interface;surface;documented,"Matched 10 audit token(s) across win-config, win-registry. These links show where the name came from. Value semantics still come from the research record."
network.disable-netbios-resolution,Disable NetBIOS Name Resolution,Network,Advanced,repo-backed,yes,yes,no,win-config,policies;dnsclient;enablenetbios,Matched 3 audit token(s) across win-config. These links show where the name came from. Value semantics still come from the research record.
network.disable-plaintext-smb-passwords,Disable Plaintext SMB Passwords,Network,Advanced,repo-backed,yes,yes,no,win-config,lanmanworkstation;enableplaintextpassword,Matched 2 audit token(s) across win-config. These links show where the name came from. Value semantics still come from the research record.
network.disable-smart-name-resolution,Disable Smart Multi-Homed Name Resolution,Network,Advanced,repo-backed,yes,yes,no,win-config,policies;dnsclient;disablesmartnameresolution,Matched 3 audit token(s) across win-config. These links show where the name came from. Value semantics still come from the research record.
network.disable-smb1,Disable SMBv1,Network,Advanced,repo-backed,yes,yes,no,win-config;win-registry,lanmanserver;smb1,"Matched 2 audit token(s) across win-config, win-registry. These links show where the name came from. Value semantics still come from the research record."
network.disable-smb2,Disable SMBv2/SMBv3,Network,Risky,repo-backed,yes,yes,no,win-config,lanmanserver;smb2,Matched 2 audit token(s) across win-config. These links show where the name came from. Value semantics still come from the research record.
network.disable-wifi-sense,Disable Wi-Fi Sense,Network,Safe,repo-backed,yes,yes,no,win-config,wcmsvc;wifinetworkmanager;config;autoconnectallowedoem,Matched 4 audit token(s) across win-config. These links show where the name came from. Value semantics still come from the research record.
network.enable-lltd-responder,Enable LLTD Responder,Network,Advanced,repo-backed,yes,yes,no,win-config,policies;lltd;enablerspndr,Matched 3 audit token(s) across win-config. These links show where the name came from. Value semantics still come from the research record.
network.enable-lltdio,Enable LLTD Mapper I/O,Network,Advanced,repo-backed,yes,yes,no,win-config,policies;lltd;enablelltdio,Matched 3 audit token(s) across win-config. These links show where the name came from. Value semantics still come from the research record.
network.flush-dns-cache,Flush DNS Cache,Network,Safe,repo-backed,yes,yes,no,win-config,dns cache;flushdns;ipconfig,Mapped to nohuto DNS cache cleanup guidance and the official ipconfig /flushdns reference.
network.optimize-smb,Optimize SMB Performance,Network,Safe,repo-backed,yes,yes,no,win-config,lanmanworkstation,Matched 1 audit token(s) across win-config. These links show where the name came from. Value semantics still come from the research record.
network.prefer-ipv4,Prefer IPv4 over IPv6,Network,Advanced,repo-backed,yes,yes,no,win-config,disabledcomponents;tcpip6,Matched 2 audit token(s) across win-config. These links show where the name came from. Value semantics still come from the research record.
network.require-ntlm-ssp-client-session-security,Require NTLM SSP Client Session Security and 128-bit Encryption,Network,Risky,repo-backed,yes,yes,no,win-config;win-registry,ntlmminclientsec,"Matched 1 audit token(s) across win-config, win-registry. These links show where the name came from. Value semantics still come from the research record."
network.reset-winsock,Reset Winsock Catalog,Network,Advanced,category-fallback,yes,yes,yes,win-config,,"Official Microsoft netsh winsock documentation is linked, but this tweak stays review-only until a nohuto repo documents it directly."
network.smb-disable-leasing,SMB: Disable Leasing,Network,Advanced,category-fallback,yes,yes,yes,win-config,,"Linked to the closest upstream win-config category docs, but this tweak still needs a stronger tweak-specific upstream match before being considered fully curated."
network.smb-enable-large-mtu,SMB: Enable Large MTU,Network,Advanced,repo-backed,yes,yes,no,win-config,lanmanworkstation;disablelargemtu,Matched 2 audit token(s) across win-config. These links show where the name came from. Value semantics still come from the research record.
network.smb-enable-multichannel,SMB: Enable Multichannel,Network,Advanced,category-fallback,yes,yes,yes,win-config,,"Linked to the closest upstream win-config category docs, but this tweak still needs a stronger tweak-specific upstream match before being considered fully curated."
network.smb-enable-quic,SMB: Enable QUIC,Network,Advanced,repo-backed,yes,yes,no,win-config,policies;lanmanworkstation;enablesmbquic;lanmanserver,Matched 4 audit token(s) across win-config. These links show where the name came from. Value semantics still come from the research record.
network.smb-encrypt-data,SMB: Require Encryption,Network,Advanced,repo-backed,yes,yes,no,win-config;win-registry,lanmanserver;encryptdata,"Matched 2 audit token(s) across win-config, win-registry. These links show where the name came from. Value semantics still come from the research record."
network.smb-reject-unencrypted-access,SMB: Reject Unencrypted Access,Network,Advanced,repo-backed,yes,yes,no,win-config;win-registry,lanmanserver;rejectunencryptedaccess,"Matched 2 audit token(s) across win-config, win-registry. These links show where the name came from. Value semantics still come from the research record."
network.smb-require-dialect-3_1_1,SMB: Require Dialect 3.1.1,Network,Risky,repo-backed,yes,yes,no,win-config,policies;lanmanworkstation;minsmb2dialect;maxsmb2dialect;lanmanserver,Matched 5 audit token(s) across win-config. These links show where the name came from. Value semantics still come from the research record.
network.smb-require-signing-client,SMB: Require Client Signing,Network,Advanced,repo-backed,yes,yes,no,win-config,lanmanworkstation,Matched 1 audit token(s) across win-config. These links show where the name came from. Value semantics still come from the research record.
network.smb-require-signing-server,SMB: Require Signing (Server),Network,Advanced,repo-backed,yes,yes,no,win-config,lanmanserver,Matched 1 audit token(s) across win-config. These links show where the name came from. Value semantics still come from the research record.
network.smb-set-cipher-suite-order,SMB: Set Cipher Suite Order,Network,Advanced,repo-backed,yes,yes,no,win-config,policies;lanmanworkstation;ciphersuiteorder;lanmanserver,Matched 4 audit token(s) across win-config. These links show where the name came from. Value semantics still come from the research record.
notifications.disable-feedback-frequency,Disable Feedback Requests,Notifications,Safe,repo-backed,yes,no,no,win-config,siuf;numberofsiufinperiod;rules,Matched 3 audit token(s) across win-config. These links show where the name came from. Value semantics still come from the research record.
notifications.disable-lock-screen,Disable Lock Screen Notifications,Notifications,Advanced,repo-backed,yes,no,no,win-config,policies;pushnotifications;notoastapplicationnotificationonlockscreen,Matched 3 audit token(s) across win-config. These links show where the name came from. Value semantics still come from the research record.
notifications.disable-mirroring,Disable Notification Mirroring,Notifications,Advanced,repo-backed,yes,no,no,win-config,policies;pushnotifications;disallownotificationmirroring,Matched 3 audit token(s) across win-config. These links show where the name came from. Value semantics still come from the research record.
notifications.disable-tile,Disable Tile Notifications,Notifications,Advanced,repo-backed,yes,no,no,win-config,policies;pushnotifications;notileapplicationnotification,Matched 3 audit token(s) across win-config. These links show where the name came from. Value semantics still come from the research record.
notifications.disable-toast,Disable Toast Notifications,Notifications,Advanced,repo-backed,yes,no,no,win-config,policies;pushnotifications;notoastapplicationnotification,Matched 3 audit token(s) across win-config. These links show where the name came from. Value semantics still come from the research record.
performance.disable-animations,Disable Window Animations,Performance,Safe,repo-backed,yes,yes,no,win-config;win-registry;decompiled-pseudocode,panel;desktop;windowmetrics;minanimate,"Matched 4 audit token(s) across win-config, win-registry, decompiled-pseudocode. These links show where the name came from. Value semantics still come from the research record."
performance.disable-menu-show-delay,Remove Menu Show Delay,Performance,Safe,repo-backed,yes,yes,no,win-config;win-registry;decompiled-pseudocode,panel;desktop;menushowdelay,"Matched 3 audit token(s) across win-config, win-registry, decompiled-pseudocode. These links show where the name came from. Value semantics still come from the research record."
performance.disable-taskbar-animations,Disable Taskbar Animations,Performance,Safe,repo-backed,yes,yes,no,win-config;decompiled-pseudocode,explorer;advanced,"Matched 2 audit token(s) across win-config, decompiled-pseudocode. These links show where the name came from. Value semantics still come from the research record."
peripheral.audio-disable-ducking,Disable Audio Ducking,Peripheral,Safe,repo-backed,yes,yes,no,win-config;decompiled-pseudocode,audio ducking;userduckingpreference,Mapped to the exact nohuto Audio Ducking section and its UserDuckingPreference behavior.
peripheral.audio-disable-enhancements,Disable Audio Enhancements,Peripheral,Safe,repo-backed,yes,yes,no,win-config;decompiled-pseudocode,disable audio enhancements,"Matched 1 audit token(s) across win-config, decompiled-pseudocode. These links show where the name came from. Value semantics still come from the research record."
peripheral.autoplay-take-no-action,AutoPlay: Take No Action,Peripheral,Safe,repo-backed,yes,yes,no,win-config;decompiled-pseudocode,explorer;autoplayhandlers;userchosenexecutehandlers;storageonarrival;mstakenoaction;eventhandlersdefaultselection;cameraalternate;showpicturesonarrival;playdvdmovieonarrival;playenhanceddvdonarrival;handledvdburningonarrival;playdvdaudioonarrival;playblurayonarrival;handlebdburningonarrival;playcdaudioonarrival;playenhancedcdonarrival;handlecdburningonarrival;playvideocdmovieonarrival;playsupervideocdmovieonarrival;autoruninflegacyarrival,"Matched 20 audit token(s) across win-config, decompiled-pseudocode. These links show where the name came from. Value semantics still come from the research record."
peripheral.disable-autoplay,Disable AutoPlay,Peripheral,Safe,repo-backed,yes,yes,no,win-config;decompiled-pseudocode,policies;explorer,"Matched 2 audit token(s) across win-config, decompiled-pseudocode. These links show where the name came from. Value semantics still come from the research record."
peripheral.disable-sticky-keys-prompt,Disable Sticky Keys Prompt,Peripheral,Safe,repo-backed,yes,yes,no,win-registry;win-config;decompiled-pseudocode,panel;accessibility;stickykeys;flags,"Matched 4 audit token(s) across win-registry, win-config, decompiled-pseudocode. These links show where the name came from. Value semantics still come from the research record."
peripheral.keyboard-disable-language-hotkey,Disable Language Switch Hotkey,Peripheral,Safe,repo-backed,yes,yes,no,win-config;decompiled-pseudocode,disable language switch hotkey,"Matched 1 audit token(s) across win-config, decompiled-pseudocode. These links show where the name came from. Value semantics still come from the research record."
peripheral.keyboard-optimize-repeat,Optimize Keyboard Repeat Rate,Peripheral,Safe,repo-backed,yes,yes,no,win-config;decompiled-pseudocode,keyboard values;keyboarddelay;keyboardspeed;cursorblinkrate,"Mapped to nohuto keyboard value documentation for repeat delay, repeat speed, and related typing behavior."
peripheral.mouse-disable-acceleration,Disable Enhanced Pointer Precision (Mouse Acceleration),Peripheral,Safe,repo-backed,yes,yes,no,win-config;decompiled-pseudocode,mouse values;mousespeed;mousethreshold1;mousethreshold2;mousesensitivity,"Mapped to nohuto mouse value documentation for acceleration, thresholds, and sensitivity settings."
peripheral.mouse-disable-throttle,Disable Mouse Throttling for Background Windows,Peripheral,Safe,repo-backed,yes,yes,no,win-config;decompiled-pseudocode,mouse values;rawmousethrottleenabled;rawmousethrottleduration;rawmousethrottleleeway,Mapped to nohuto mouse value documentation for raw mouse throttling registry values.
power.disable-cpu-idle-states,Disable CPU Idle States (C-States),Power,Advanced,repo-backed,yes,yes,no,win-config;win-registry;decompiled-pseudocode,power;disableidlestatesatboot;idlestatetimeout;exitlatencycheckenabled,"Matched 4 audit token(s) across win-config, win-registry, decompiled-pseudocode. These links show where the name came from. Value semantics still come from the research record."
power.disable-cpu-parking,Disable CPU Core Parking,Power,Safe,repo-backed,yes,yes,no,win-config;decompiled-pseudocode;win-registry,power values;class1initialunparkcount;multiparkgranularity;latencytoleranceparked,Mapped to nohuto power-value research for core parking fields such as Class1InitialUnparkCount and MultiparkGranularity.
power.disable-fast-startup,Disable Fast Startup (Hiberboot),Power,Safe,repo-backed,yes,yes,no,win-config;win-registry;decompiled-pseudocode,session;manager;power;hiberbootenabled,"Matched 4 audit token(s) across win-config, win-registry, decompiled-pseudocode. These links show where the name came from. Value semantics still come from the research record."
power.disable-hibernation,Disable Hibernation,Power,Safe,repo-backed,yes,yes,no,win-config;decompiled-pseudocode,disable hibernation,"Matched 1 audit token(s) across win-config, decompiled-pseudocode. These links show where the name came from. Value semantics still come from the research record."
power.disable-modern-standby,Disable Modern Standby,Power,Advanced,repo-backed,yes,yes,no,win-config;win-registry;decompiled-pseudocode,power;msdisabled;modernsleep;enabledactions,"Matched 4 audit token(s) across win-config, win-registry, decompiled-pseudocode. These links show where the name came from. Value semantics still come from the research record."
power.disable-network-power-saving,Disable Network Adapter Power Saving,Power,Safe,repo-backed,yes,yes,no,win-config;win-registry;decompiled-pseudocode,tcpip;multimedia;systemprofile;networkthrottlingindex;systemresponsiveness,"Matched 5 audit token(s) across win-config, win-registry, decompiled-pseudocode. These links show where the name came from. Value semantics still come from the research record."
power.disable-power-throttling,Disable Power Throttling,Power,Safe,repo-backed,yes,yes,no,win-config;win-registry;decompiled-pseudocode,power;powerthrottling;powerthrottlingoff;power throttling,Mapped to nohuto power-value research for the PowerThrottlingOff policy value.
power.disable-superfetch,Disable Superfetch (SysMain),Power,Safe,repo-backed,yes,yes,no,win-config;decompiled-pseudocode,sysmain;superfetch;enableprefetcher,"Mapped to the exact nohuto SysMain section, with Windows Internals notes for Superfetch and prefetch behavior."
power.disable-windows-search,Disable Windows Search,Power,Advanced,repo-backed,yes,yes,no,win-config;decompiled-pseudocode,wsearch,"Matched 1 audit token(s) across win-config, decompiled-pseudocode. These links show where the name came from. Value semantics still come from the research record."
power.hide-hibernate-option,Hide Hibernate Power Option,Power,Advanced,repo-backed,yes,yes,no,win-config;decompiled-pseudocode,policies;explorer;showhibernateoption,"Matched 3 audit token(s) across win-config, decompiled-pseudocode. These links show where the name came from. Value semantics still come from the research record."
power.hide-lock-option,Hide Lock Power Option,Power,Advanced,repo-backed,yes,yes,no,win-config;decompiled-pseudocode,policies;explorer;showlockoption,"Matched 3 audit token(s) across win-config, decompiled-pseudocode. These links show where the name came from. Value semantics still come from the research record."
power.hide-sleep-option,Hide Sleep Power Option,Power,Advanced,repo-backed,yes,yes,no,win-config;decompiled-pseudocode,policies;explorer;showsleepoption,"Matched 3 audit token(s) across win-config, decompiled-pseudocode. These links show where the name came from. Value semantics still come from the research record."
power.optimize-cpu-boost,Optimize CPU Performance Boost,Power,Safe,repo-backed,yes,yes,no,win-config;decompiled-pseudocode;win-registry,perfboostatguaranteed;highperfdurationboot;latencytolerancedefault;perfcalculateactualutilization,"Mapped to nohuto power-value research for PerfBoostAtGuaranteed, HighPerfDurationBoot, and related boost fields."
power.optimize-gaming-network,Optimize Gaming Network Settings,Power,Safe,repo-backed,yes,yes,no,win-config;win-registry;decompiled-pseudocode,multimedia;systemprofile;tasks;games;priority;scheduling category;high;sfio priority;gpu priority;affinity,"Matched 10 audit token(s) across win-config, win-registry, decompiled-pseudocode. These links show where the name came from. Value semantics still come from the research record."
power.optimize-performance,Optimize Power Settings for Performance,Power,Advanced,repo-backed,yes,yes,no,win-config;win-registry;decompiled-pseudocode,power;coalescingtimerinterval;deepiocoalescingenabled;eventprocessorenabled;latencytoleranceparked;latencytolerancesoftparked;energyestimationenabled,"Mapped to nohuto power-value research covering timer coalescing, deep IO coalescing, parking, and energy-estimation fields."
privacy.block-microsoft-accounts,Block Microsoft Accounts,Privacy,Risky,repo-backed,yes,no,no,win-config,policies;noconnecteduser,Matched 2 audit token(s) across win-config. These links show where the name came from. Value semantics still come from the research record.
privacy.deny-app-access,Deny App Access (Except Microphone),Privacy,Risky,repo-backed,yes,no,no,win-config,policies;allowuserinfoaccess;appprivacy;letappsaccessaccountinfo;letappsaccesscalendar;letappsaccesscallhistory;letappsaccesscamera;letappsaccesscontacts;letappsaccessemail;letappsaccessgraphicscaptureprogrammatic;letappsaccessgraphicscapturewithoutborder;letappsaccesshumanpresence;letappsaccesslocation;letappsaccessmessaging;letappsaccessmicrophone;letappsaccessmotion;letappsaccessnotifications;letappsaccessphone;letappsaccessradios;letappssyncwithdevices;letappsaccesstasks;letappsaccesstrusteddevices;letappsruninbackground;letappsgetdiagnosticinfo;letappsaccessgazeinput;letappsactivatewithvoice;letappsactivatewithvoiceabovelock;letappsaccessbackgroundspatialperception,Matched 28 audit token(s) across win-config. These links show where the name came from. Value semantics still come from the research record.
privacy.disable-activity-history,Disable Activity History,Privacy,Advanced,repo-backed,yes,no,no,win-config,policies,Matched 1 audit token(s) across win-config. These links show where the name came from. Value semantics still come from the research record.
privacy.disable-advertising-id,Disable Advertising ID,Privacy,Safe,repo-backed,yes,no,no,win-config,policies,Matched 1 audit token(s) across win-config. These links show where the name came from. Value semantics still come from the research record.
privacy.disable-app-diagnostics,Disable App Diagnostics,Privacy,Advanced,category-fallback,yes,no,yes,win-config,,"Linked to the closest upstream win-config category docs, but this tweak still needs a stronger tweak-specific upstream match before being considered fully curated."
privacy.disable-app-launch-tracking,Disable App Launch Tracking,Privacy,Safe,repo-backed,yes,no,no,win-config,explorer;advanced,Matched 2 audit token(s) across win-config. These links show where the name came from. Value semantics still come from the research record.
privacy.disable-app-suggestions,Disable App Suggestions in Start,Privacy,Safe,repo-backed,yes,no,no,win-config,contentdeliverymanager,Matched 1 audit token(s) across win-config. These links show where the name came from. Value semantics still come from the research record.
privacy.disable-application-compatibility,Disable Application Compatibility,Privacy,Risky,repo-backed,yes,no,no,win-config,disable application compatibility,Matched 1 audit token(s) across win-config. These links show where the name came from. Value semantics still come from the research record.
privacy.disable-application-telemetry,Disable Application Telemetry,Privacy,Risky,repo-backed,yes,no,no,win-config,policies;appcompat;aitenable,Matched 3 audit token(s) across win-config. These links show where the name came from. Value semantics still come from the research record.
privacy.disable-background-apps,Disable Background Apps,Privacy,Advanced,repo-backed,yes,no,no,win-config,policies;appprivacy;letappsruninbackground,Matched 3 audit token(s) across win-config. These links show where the name came from. Value semantics still come from the research record.
privacy.disable-biometrics,Disable Biometrics,Privacy,Risky,repo-backed,yes,no,no,win-config,policies;biometrics;enabled,Matched 3 audit token(s) across win-config. These links show where the name came from. Value semantics still come from the research record.
privacy.disable-biometrics-domain-logon,Disable Biometrics for Domain Logon,Privacy,Risky,repo-backed,yes,no,no,win-config,policies;biometrics;credential;provider;domain accounts,Matched 5 audit token(s) across win-config. These links show where the name came from. Value semantics still come from the research record.
privacy.disable-biometrics-logon,Disable Biometrics Logon,Privacy,Risky,repo-backed,yes,no,no,win-config,policies;biometrics;credential;provider;enabled,Matched 5 audit token(s) across win-config. These links show where the name came from. Value semantics still come from the research record.
privacy.disable-camera,Disable Camera Access (Policy),Privacy,Advanced,repo-backed,yes,no,no,win-config,policies;camera;allowcamera,Matched 3 audit token(s) across win-config. These links show where the name came from. Value semantics still come from the research record.
privacy.disable-ceip,Disable CEIP,Privacy,Advanced,repo-backed,yes,no,no,win-config,disable ceip,Matched 1 audit token(s) across win-config. These links show where the name came from. Value semantics still come from the research record.
privacy.disable-cli-telemetry,Disable PowerShell & .NET CLI Telemetry,Privacy,Safe,repo-backed,yes,no,no,win-config,environment,Matched 1 audit token(s) across win-config. These links show where the name came from. Value semantics still come from the research record.
privacy.disable-consumer-account-content,Disable Consumer Account State Content,Privacy,Advanced,category-fallback,yes,no,yes,win-config,,"Linked to the closest upstream win-config category docs, but this tweak still needs a stronger tweak-specific upstream match before being considered fully curated."
privacy.disable-copilot,Disable Windows Copilot,Privacy,Advanced,repo-backed,yes,no,no,win-config,policies;windowscopilot;turnoffwindowscopilot,Matched 3 audit token(s) across win-config. These links show where the name came from. Value semantics still come from the research record.
privacy.disable-cross-device-experiences,Cross-Device Sharing,Privacy,Advanced,category-fallback,yes,no,yes,win-config,,"Linked to the closest upstream win-config category docs, but this tweak still needs a stronger tweak-specific upstream match before being considered fully curated."
privacy.disable-device-name-telemetry,Disable Device Name in Diagnostics,Privacy,Risky,repo-backed,yes,no,no,win-config,policies;datacollection;allowdevicenameintelemetry,Matched 3 audit token(s) across win-config. These links show where the name came from. Value semantics still come from the research record.
privacy.disable-diagnostic-data,Set Diagnostic Data to Minimum Supported Level,Privacy,Risky,repo-backed,yes,no,no,win-config,policies;datacollection;allowtelemetry,Matched 3 audit token(s) across win-config. These links show where the name came from. Value semantics still come from the research record.
privacy.disable-diagnostic-data-delete,Disable Diagnostic Data Deletion,Privacy,Risky,repo-backed,yes,no,no,win-config,policies;datacollection;disabledevicedelete,Matched 3 audit token(s) across win-config. These links show where the name came from. Value semantics still come from the research record.
privacy.disable-diagnostic-data-viewer,Disable Diagnostic Data Viewer,Privacy,Risky,repo-backed,yes,no,no,win-config,policies;datacollection;disablediagnosticdataviewer,Matched 3 audit token(s) across win-config. These links show where the name came from. Value semantics still come from the research record.
privacy.disable-edge-search-suggestions,Disable Edge Search Suggestions,Privacy,Advanced,category-fallback,yes,no,yes,win-config,,"Linked to the closest upstream win-config category docs, but this tweak still needs a stronger tweak-specific upstream match before being considered fully curated."
privacy.disable-f1-help,Disable F1 Help,Privacy,Advanced,repo-backed,yes,no,no,win-config,disable f1 help,Matched 1 audit token(s) across win-config. These links show where the name came from. Value semantics still come from the research record.
privacy.disable-feedback-notifications,Disable Feedback Notifications,Privacy,Advanced,repo-backed,yes,no,no,win-config,policies;datacollection;donotshowfeedbacknotifications,Matched 3 audit token(s) across win-config. These links show where the name came from. Value semantics still come from the research record.
privacy.disable-file-history,Disable File History,Privacy,Advanced,repo-backed,yes,no,no,win-config,policies;filehistory;disabled,Matched 3 audit token(s) across win-config. These links show where the name came from. Value semantics still come from the research record.
privacy.disable-find-my-device,Disable Find My Device,Privacy,Safe,repo-backed,yes,no,no,win-config,policies;findmydevice;allowfindmydevice,Matched 3 audit token(s) across win-config. These links show where the name came from. Value semantics still come from the research record.
privacy.disable-font-providers,Disable Font Providers,Privacy,Advanced,repo-backed,yes,no,no,win-config,policies;enablefontproviders,Matched 2 audit token(s) across win-config. These links show where the name came from. Value semantics still come from the research record.
privacy.disable-inking-typing-personalization,Disable Inking & Typing Personalization,Privacy,Advanced,repo-backed,yes,no,no,win-config;win-registry,policies;textinput;allowlinguisticdatacollection;windowsinkworkspace;allowsuggestedappsinwindowsinkworkspace;allowwindowsinkworkspace,"Matched 6 audit token(s) across win-config, win-registry. These links show where the name came from. Value semantics still come from the research record."
privacy.disable-kms-activation-telemetry,Disable KMS Activation Telemetry,Privacy,Advanced,repo-backed,yes,no,no,win-config,policies;protection;platform;nogenticket,Matched 4 audit token(s) across win-config. These links show where the name came from. Value semantics still come from the research record.
privacy.disable-language-list-access,Disable Website Access to Language List,Privacy,Safe,repo-backed,yes,no,no,win-config,panel;international;user;profile;httpacceptlanguageoptout,Matched 5 audit token(s) across win-config. These links show where the name came from. Value semantics still come from the research record.
privacy.disable-local-security-questions,Disable Local Security Questions,Privacy,Advanced,repo-backed,yes,no,no,win-config,policies;nolocalpasswordresetquestions,Matched 2 audit token(s) across win-config. These links show where the name came from. Value semantics still come from the research record.
privacy.disable-location-consent,Disable Location Consent (User),Privacy,Advanced,repo-backed,yes,no,no,win-config,capabilityaccessmanager;consentstore;location;value;deny;nonpackaged,Matched 6 audit token(s) across win-config. These links show where the name came from. Value semantics still come from the research record.
privacy.disable-location-consent-system,Disable Location Consent (System),Privacy,Advanced,repo-backed,yes,no,no,win-config,capabilityaccessmanager;consentstore;location;value,Matched 4 audit token(s) across win-config. These links show where the name came from. Value semantics still come from the research record.
privacy.disable-location-scripting,Disable Location Scripting,Privacy,Risky,repo-backed,yes,no,no,win-config,policies;locationandsensors;disablelocationscripting,Matched 3 audit token(s) across win-config. These links show where the name came from. Value semantics still come from the research record.
privacy.disable-location-services,Disable Location Services,Privacy,Advanced,repo-backed,yes,no,no,win-config,policies;locationandsensors;disablelocation,Matched 3 audit token(s) across win-config. These links show where the name came from. Value semantics still come from the research record.
privacy.disable-mdm-enrollment,Disable MDM Enrollment,Privacy,Advanced,repo-backed,yes,no,no,win-config,policies;disableregistration,Matched 2 audit token(s) across win-config. These links show where the name came from. Value semantics still come from the research record.
privacy.disable-message-sync,Disable Message Sync,Privacy,Advanced,repo-backed,yes,no,no,win-config,policies;messaging;allowmessagesync,Matched 3 audit token(s) across win-config. These links show where the name came from. Value semantics still come from the research record.
privacy.disable-offline-files,Disable Offline Files,Privacy,Advanced,repo-backed,yes,no,no,win-config,disable offline files,Matched 1 audit token(s) across win-config. These links show where the name came from. Value semantics still come from the research record.
privacy.disable-onesettings-downloads,Disable OneSettings Downloads,Privacy,Risky,repo-backed,yes,no,no,win-config,policies;datacollection;disableonesettingsdownloads,Matched 3 audit token(s) across win-config. These links show where the name came from. Value semantics still come from the research record.
privacy.disable-online-tips,Disable Online Tips,Privacy,Advanced,repo-backed,yes,no,no,win-config,policies;explorer;allowonlinetips,Matched 3 audit token(s) across win-config. These links show where the name came from. Value semantics still come from the research record.
privacy.disable-phone-linking,Disable Phone Linking,Privacy,Advanced,repo-backed,yes,no,no,win-config,policies;enablemmx,Matched 2 audit token(s) across win-config. These links show where the name came from. Value semantics still come from the research record.
privacy.disable-recall,Disable Windows Recall,Privacy,Advanced,repo-backed,yes,no,no,win-config,policies;windowsai;disableaidataanalysis,Matched 3 audit token(s) across win-config. These links show where the name came from. Value semantics still come from the research record.
privacy.disable-resume,Disable Resume Experiences,Privacy,Safe,repo-backed,yes,no,no,win-config,crossdeviceresume;configuration;isresumeallowed,Matched 3 audit token(s) across win-config. These links show where the name came from. Value semantics still come from the research record.
privacy.disable-rsop-logging,Disable RSoP Logging,Privacy,Advanced,repo-backed,yes,no,no,win-config,policies;rsoplogging,Matched 2 audit token(s) across win-config. These links show where the name came from. Value semantics still come from the research record.
privacy.disable-search-box-suggestions,Disable Search Box Suggestions,Privacy,Safe,repo-backed,yes,no,no,win-config,policies;explorer;disablesearchboxsuggestions,Matched 3 audit token(s) across win-config. These links show where the name came from. Value semantics still come from the research record.
privacy.disable-search-history,Disable Search History,Privacy,Safe,repo-backed,yes,no,no,win-config,policies;explorer;disablesearchhistory,Matched 3 audit token(s) across win-config. These links show where the name came from. Value semantics still come from the research record.
privacy.disable-sensors,Disable Sensors,Privacy,Advanced,repo-backed,yes,no,no,win-config,policies;locationandsensors;disablesensors,Matched 3 audit token(s) across win-config. These links show where the name came from. Value semantics still come from the research record.
privacy.disable-sleep-study-diagnostics,Disable Sleep Study Diagnostics,Privacy,Advanced,repo-backed,yes,no,no,win-config;win-registry;decompiled-pseudocode,winevt;channels;sleepstudy;diagnostic;enabled;kernel;processor;power;usermodepowerservice,"Matched 9 audit token(s) across win-config, win-registry, decompiled-pseudocode. These links show where the name came from. Value semantics still come from the research record."
privacy.disable-steps-recorder,Disable Steps Recorder,Privacy,Advanced,repo-backed,yes,no,no,win-config,policies;appcompat;disableuar;steps recorder;psr.exe,"Mapped to nohuto Steps Recorder documentation, including the DisableUAR policy and psr.exe disable flow."
privacy.disable-suggestions,Disable Suggestions & Tips,Privacy,Safe,repo-backed,yes,no,no,win-config,contentdeliverymanager,Matched 1 audit token(s) across win-config. These links show where the name came from. Value semantics still come from the research record.
privacy.disable-suggestions-cdm,Disable Content Delivery Manager Suggestions,Privacy,Safe,repo-backed,yes,no,no,win-config,contentdeliverymanager,Matched 1 audit token(s) across win-config. These links show where the name came from. Value semantics still come from the research record.
privacy.disable-sync-settings,Turn Off Settings Sync by Default,Privacy,Advanced,repo-backed,yes,no,no,win-config,policies;settingsync,Matched 2 audit token(s) across win-config. These links show where the name came from. Value semantics still come from the research record.
privacy.disable-telemetry-change-notifications,Disable Diagnostic Data Change Notifications,Privacy,Risky,repo-backed,yes,no,no,win-config,policies;datacollection;disabletelemetryoptinchangenotification,Matched 3 audit token(s) across win-config. These links show where the name came from. Value semantics still come from the research record.
privacy.disable-telemetry-optin-ui,Disable Diagnostic Data Opt-in UI,Privacy,Risky,repo-backed,yes,no,no,win-config,policies;datacollection;disabletelemetryoptinsettingsux,Matched 3 audit token(s) across win-config. These links show where the name came from. Value semantics still come from the research record.
privacy.disable-wer,Disable Windows Error Reporting,Privacy,Advanced,repo-backed,yes,no,no,win-config,policies;error;reporting;disabled,Matched 4 audit token(s) across win-config. These links show where the name came from. Value semantics still come from the research record.
privacy.disable-windows-location-provider,Disable Windows Location Provider,Privacy,Risky,repo-backed,yes,no,no,win-config,policies;locationandsensors;disablewindowslocationprovider,Matched 3 audit token(s) across win-config. These links show where the name came from. Value semantics still come from the research record.
privacy.disable-windows-tips,Turn Off Windows Tips,Privacy,Safe,repo-backed,yes,no,no,win-config,policies;cloudcontent,Matched 2 audit token(s) across win-config. These links show where the name came from. Value semantics still come from the research record.
privacy.disable-wmplayer-telemetry,Disable Windows Media Player Telemetry,Privacy,Advanced,repo-backed,yes,no,no,win-config;regkit,mediaplayer;preferences,"Matched 2 audit token(s) across win-config, regkit. These links show where the name came from. Value semantics still come from the research record."
privacy.hide-last-logged-in-user,Hide Last Logged-In User,Privacy,Advanced,repo-backed,yes,no,no,win-config,policies;dontdisplaylastusername,Matched 2 audit token(s) across win-config. These links show where the name came from. Value semantics still come from the research record.
privacy.hide-recommended-personalized-sites,Hide Start Personalized Site Recommendations (Policy),Privacy,Advanced,category-fallback,yes,no,yes,win-config,,"Linked to the closest upstream win-config category docs, but this tweak still needs a stronger tweak-specific upstream match before being considered fully curated."
privacy.hide-recommended-personalized-sites-user,Hide Start Personalized Site Recommendations (User),Privacy,Safe,repo-backed,yes,no,no,win-config,policies;explorer;hiderecommendedpersonalizedsites,Matched 3 audit token(s) across win-config. These links show where the name came from. Value semantics still come from the research record.
privacy.hide-recommended-section,Hide Start Recommended Section (Policy),Privacy,Advanced,category-fallback,yes,no,yes,win-config,,"Linked to the closest upstream win-config category docs, but this tweak still needs a stronger tweak-specific upstream match before being considered fully curated."
privacy.hide-recommended-section-user,Hide Start Recommended Section (User),Privacy,Safe,repo-backed,yes,no,no,win-config,policies;explorer;hiderecommendedsection,Matched 3 audit token(s) across win-config. These links show where the name came from. Value semantics still come from the research record.
privacy.hide-username-at-signin,Hide Username at Sign-In,Privacy,Advanced,repo-backed,yes,no,no,win-config,policies;dontdisplayusername,Matched 2 audit token(s) across win-config. These links show where the name came from. Value semantics still come from the research record.
privacy.limit-diagnostic-log-collection,Limit Diagnostic Log Collection,Privacy,Risky,repo-backed,yes,no,no,win-config,policies;datacollection;limitdiagnosticlogcollection,Matched 3 audit token(s) across win-config. These links show where the name came from. Value semantics still come from the research record.
privacy.limit-dump-collection,Limit Dump Collection,Privacy,Risky,repo-backed,yes,no,no,win-config,policies;datacollection;limitdumpcollection,Matched 3 audit token(s) across win-config. These links show where the name came from. Value semantics still come from the research record.
privacy.troubleshooter-dont-run,Troubleshooter: Don't Run Any,Privacy,Advanced,repo-backed,yes,no,no,win-config,policies;troubleshooting;allowrecommendations;troubleshootingallowrecommendations,Matched 4 audit token(s) across win-config. These links show where the name came from. Value semantics still come from the research record.
security.disable-downloads-blocking,Disable Downloads Blocking,Security,Risky,repo-backed,yes,yes,no,win-config,policies;attachments;savezoneinformation,Matched 3 audit token(s) across win-config. These links show where the name came from. Value semantics still come from the research record.
security.disable-ntfs-encryption,Disable NTFS Encryption (EFS),Security,Risky,repo-backed,yes,yes,no,win-config,policies;ntfsdisableencryption,Matched 2 audit token(s) across win-config. These links show where the name came from. Value semantics still come from the research record.
security.disable-p2p-updates,Disable P2P Updates,Security,Advanced,repo-backed,yes,yes,no,win-config,policies;deliveryoptimization;dodownloadmode,Matched 3 audit token(s) across win-config. These links show where the name came from. Value semantics still come from the research record.
security.disable-password-reveal,Disable Password Reveal Button,Security,Advanced,repo-backed,yes,yes,no,win-config,policies;credui;disablepasswordreveal,Matched 3 audit token(s) across win-config. These links show where the name came from. Value semantics still come from the research record.
security.disable-picture-password,Disable Picture Password Sign-In,Security,Advanced,repo-backed,yes,yes,no,win-config;win-registry,policies;blockdomainpicturepassword,"Matched 2 audit token(s) across win-config, win-registry. These links show where the name came from. Value semantics still come from the research record."
security.disable-remote-assistance,Disable Remote Assistance,Security,Risky,repo-backed,yes,yes,no,win-config,policies;terminal;fallowtogethelp,Matched 3 audit token(s) across win-config. These links show where the name came from. Value semantics still come from the research record.
security.disable-system-mitigations,Disable System Mitigations,Security,Risky,repo-backed,yes,yes,no,win-config,disable system mitigations,Matched 1 audit token(s) across win-config. These links show where the name came from. Value semantics still come from the research record.
security.disable-system-restore,Disable System Restore,Security,Risky,repo-backed,yes,yes,no,win-config,policies;systemrestore,Matched 2 audit token(s) across win-config. These links show where the name came from. Value semantics still come from the research record.
security.disable-uac,Disable UAC (Full),Security,Risky,category-fallback,yes,yes,yes,win-config,,"Linked to the closest upstream win-config category docs, but this tweak still needs a stronger tweak-specific upstream match before being considered fully curated."
security.disable-vbs,Disable VBS (HVCI),Security,Risky,repo-backed,yes,yes,no,win-config,policies;deviceguard,Matched 2 audit token(s) across win-config. These links show where the name came from. Value semantics still come from the research record.
security.disable-windows-firewall,Disable Windows Firewall,Security,Risky,repo-backed,yes,yes,no,win-config,policies;windowsfirewall;domainprofile;enablefirewall;standardprofile,Matched 5 audit token(s) across win-config. These links show where the name came from. Value semantics still come from the research record.
security.disable-windows-update,Disable Windows Update,Security,Risky,repo-backed,yes,yes,no,win-config,windowsupdate;settings;pausefeatureupdatesendtime;2030-01-01t00:00:00z;pausequalityupdatesendtime;pauseupdatesexpirytime;policies;disablewindowsupdateaccess;noautoupdate,Matched 9 audit token(s) across win-config. These links show where the name came from. Value semantics still come from the research record.
security.disable-wpbt,Disable WPBT Execution,Security,Advanced,repo-backed,yes,yes,no,win-config;win-registry;decompiled-pseudocode,session;manager;disablewpbtexecution,"Matched 3 audit token(s) across win-config, win-registry, decompiled-pseudocode. These links show where the name came from. Value semantics still come from the research record."
security.disable-wu-driver-updates,Disable WU Driver Updates,Security,Advanced,repo-backed,yes,yes,no,win-config,policies;windowsupdate;excludewudriversinqualityupdate;driversearching;searchorderconfig;dontsearchwindowsupdate,Matched 6 audit token(s) across win-config. These links show where the name came from. Value semantics still come from the research record.
security.enable-dynamic-lock,Enable Dynamic Lock,Security,Safe,repo-backed,yes,yes,no,win-config,winlogon;enablegoodbye,Matched 2 audit token(s) across win-config. These links show where the name came from. Value semantics still come from the research record.
security.enable-sudo,Enable Windows Sudo,Security,Advanced,repo-backed,yes,yes,no,win-config,policies;sudo;enabled,Matched 3 audit token(s) across win-config. These links show where the name came from. Value semantics still come from the research record.
security.powershell-unrestricted,Set PowerShell Policy to Unrestricted,Security,Risky,repo-backed,yes,yes,no,win-config,policies;powershell;enablescripts;executionpolicy;unrestricted,Matched 5 audit token(s) across win-config. These links show where the name came from. Value semantics still come from the research record.
security.trusted-path-credential-prompting,Require Trusted Path for Credentials,Security,Advanced,repo-backed,yes,yes,no,win-config,policies;credui;enablesecurecredentialprompting,Matched 3 audit token(s) across win-config. These links show where the name came from. Value semantics still come from the research record.
security.uac-never-notify,Set UAC to Never Notify,Security,Risky,repo-backed,yes,yes,no,win-config,policies,Matched 1 audit token(s) across win-config. These links show where the name came from. Value semantics still come from the research record.
system-check-disk-health,Check Disk Health (C:),Other,Safe,repo-backed,yes,no,no,win-config,chkdsk;proactivescan;disk health,Mapped to nohuto system documentation for Chkdsk / ProactiveScan and the official chkdsk command reference.
system.aero-shake,Disable Aero Shake,System,Safe,repo-backed,yes,yes,no,win-config;decompiled-pseudocode,policies;explorer;nowindowminimizingshortcuts,"Matched 3 audit token(s) across win-config, decompiled-pseudocode. These links show where the name came from. Value semantics still come from the research record."
system.bsod-disable-auto-reboot,Disable Auto Reboot on Crash,System,Safe,repo-backed,yes,yes,no,win-config;win-registry;decompiled-pseudocode,autoreboot;crashcontrol,"Matched 2 audit token(s) across win-config, win-registry, decompiled-pseudocode. These links show where the name came from. Value semantics still come from the research record."
system.bsod-display-parameters,Show BSOD Parameters,System,Safe,repo-backed,yes,yes,no,win-config;win-registry;decompiled-pseudocode,crashcontrol,"Matched 1 audit token(s) across win-config, win-registry, decompiled-pseudocode. These links show where the name came from. Value semantics still come from the research record."
system.disable-app-archiving,Disable Automatic App Archiving,System,Safe,repo-backed,yes,yes,no,win-config;decompiled-pseudocode,policies;appx;allowautomaticapparchiving,"Matched 3 audit token(s) across win-config, decompiled-pseudocode. These links show where the name came from. Value semantics still come from the research record."
system.disable-auto-maintenance,Disable Automatic Maintenance,System,Advanced,repo-backed,yes,yes,no,win-config;decompiled-pseudocode,schedule;maintenance;maintenancedisabled,"Matched 3 audit token(s) across win-config, decompiled-pseudocode. These links show where the name came from. Value semantics still come from the research record."
system.disable-background-gp-updates,Disable Background Group Policy Updates,System,Advanced,repo-backed,yes,yes,no,win-config;decompiled-pseudocode,policies;disablebkgndgrouppolicy,"Matched 2 audit token(s) across win-config, decompiled-pseudocode. These links show where the name came from. Value semantics still come from the research record."
system.disable-clipboard-history,Disable Clipboard History & Sync,System,Advanced,repo-backed,yes,yes,no,win-config;decompiled-pseudocode,policies,"Matched 1 audit token(s) across win-config, decompiled-pseudocode. These links show where the name came from. Value semantics still come from the research record."
system.disable-clipboard-redirection,Disable Clipboard Redirection (RDP),System,Advanced,repo-backed,yes,yes,no,win-config;decompiled-pseudocode,policies;terminal;fdisableclip,"Matched 3 audit token(s) across win-config, decompiled-pseudocode. These links show where the name came from. Value semantics still come from the research record."
system.disable-fullscreen-optimizations,Disable Fullscreen Optimizations,System,Advanced,repo-backed,yes,yes,no,win-config;decompiled-pseudocode,gameconfigstore,"Matched 1 audit token(s) across win-config, decompiled-pseudocode. These links show where the name came from. Value semantics still come from the research record."
system.disable-jpeg-reduction,Disable JPEG Reduction,System,Safe,repo-backed,yes,yes,no,win-config;decompiled-pseudocode,panel;desktop;jpegimportquality,"Matched 3 audit token(s) across win-config, decompiled-pseudocode. These links show where the name came from. Value semantics still come from the research record."
system.disable-restartable-apps,Disable Restartable Apps,System,Safe,repo-backed,yes,yes,no,win-config;decompiled-pseudocode,winlogon;restartapps,"Matched 2 audit token(s) across win-config, decompiled-pseudocode. These links show where the name came from. Value semantics still come from the research record."
system.disable-scheduled-tasks,Disable Telemetry & Maintenance Tasks,System,Risky,repo-backed,yes,yes,no,win-config;decompiled-pseudocode,application;experience;marebackup;compatibility;appraiser;customer;improvement;program;consolidator;usbceip;diskcleanup;silentcleanup;feedback;siuf;dmclient;error;reporting;queuereporting,"Matched 18 audit token(s) across win-config, decompiled-pseudocode. These links show where the name came from. Value semantics still come from the research record."
system.disable-search-highlights-policy,Disable Search Highlights (Policy),System,Advanced,repo-backed,yes,yes,no,win-config;decompiled-pseudocode,policies;search;enabledynamiccontentinwsb,"Matched 3 audit token(s) across win-config, decompiled-pseudocode. These links show where the name came from. Value semantics still come from the research record."
system.disable-search-remote-queries,Disable Remote Search Queries,System,Safe,repo-backed,yes,yes,no,win-config;decompiled-pseudocode,policies;search;preventremotequeries,"Matched 3 audit token(s) across win-config, decompiled-pseudocode. These links show where the name came from. Value semantics still come from the research record."
system.disable-search-web-results,Disable Web Search Results,System,Safe,category-fallback,yes,yes,yes,win-config;decompiled-pseudocode,,"Linked to the closest upstream win-config category docs, but this tweak still needs a stronger tweak-specific upstream match before being considered fully curated."
system.disable-service-splitting,Disable Service Splitting,System,Advanced,repo-backed,yes,yes,no,win-config;decompiled-pseudocode,svchostsplitthresholdinkb,"Matched 1 audit token(s) across win-config, decompiled-pseudocode. These links show where the name came from. Value semantics still come from the research record."
system.disable-shortcut-arrow,Remove Shortcut Arrow Overlay,System,Safe,repo-backed,yes,yes,no,win-config;decompiled-pseudocode,explorer;shell;icons;29,"Matched 4 audit token(s) across win-config, decompiled-pseudocode. These links show where the name came from. Value semantics still come from the research record."
system.disable-startup-delay,Disable Startup Program Delay,System,Safe,repo-backed,yes,yes,no,win-config;win-registry;decompiled-pseudocode,explorer;serialize,"Matched 2 audit token(s) across win-config, win-registry, decompiled-pseudocode. These links show where the name came from. Value semantics still come from the research record."
system.disable-storage-sense,Disable Storage Sense,System,Advanced,repo-backed,yes,yes,no,win-config;decompiled-pseudocode,policies;storagesense;allowstoragesenseglobal,"Matched 3 audit token(s) across win-config, decompiled-pseudocode. These links show where the name came from. Value semantics still come from the research record."
system.disable-storage-sense-temp-cleanup,Disable Storage Sense Temporary Files Cleanup,System,Advanced,repo-backed,yes,yes,no,win-config;decompiled-pseudocode,policies;storagesense;allowstoragesensetemporaryfilescleanup,"Matched 3 audit token(s) across win-config, decompiled-pseudocode. These links show where the name came from. Value semantics still come from the research record."
system.disable-store-open-with,Disable Store in Open With,System,Advanced,repo-backed,yes,yes,no,win-config;decompiled-pseudocode,policies;explorer;nousestoreopenwith,"Matched 3 audit token(s) across win-config, decompiled-pseudocode. These links show where the name came from. Value semantics still come from the research record."
system.dwm-disable-mpo,DWM: Disable Multiplane Overlay (MPO),System,Advanced,repo-backed,yes,yes,no,win-config;win-registry;decompiled-pseudocode,overlaytestmode,"Matched 1 audit token(s) across win-config, win-registry, decompiled-pseudocode. These links show where the name came from. Value semantics still come from the research record."
system.dwm-disable-overlay-min-fps,DWM: Disable Overlay Minimum FPS,System,Advanced,repo-backed,yes,yes,no,win-config;win-registry;decompiled-pseudocode,overlayminfps,"Matched 1 audit token(s) across win-config, win-registry, decompiled-pseudocode. These links show where the name came from. Value semantics still come from the research record."
system.enable-game-mode,Enable Game Mode,System,Safe,repo-backed,yes,yes,no,win-config;decompiled-pseudocode,gamebar;autogamemodeenabled,"Matched 2 audit token(s) across win-config, decompiled-pseudocode. These links show where the name came from. Value semantics still come from the research record."
system.enable-hags,Enable Hardware-Accelerated GPU Scheduling,System,Advanced,repo-backed,yes,yes,no,win-config;win-registry;decompiled-pseudocode,graphicsdrivers;hwschmode,"Matched 2 audit token(s) across win-config, win-registry, decompiled-pseudocode. These links show where the name came from. Value semantics still come from the research record."
system.enable-indexing-encrypted-items,Enable Indexing of Encrypted Items,System,Advanced,repo-backed,yes,yes,no,win-config;decompiled-pseudocode,policies;search;allowindexingencryptedstoresoritems,"Matched 3 audit token(s) across win-config, decompiled-pseudocode. These links show where the name came from. Value semantics still come from the research record."
system.graphics-disable-overlays,Graphics: Disable Overlay Planes,System,Advanced,repo-backed,yes,yes,no,win-config;win-registry;decompiled-pseudocode,graphicsdrivers;disableoverlays,"Matched 2 audit token(s) across win-config, win-registry, decompiled-pseudocode. These links show where the name came from. Value semantics still come from the research record."
system.graphics-page-fault-debug-mode,Graphics: Page Fault Debug Mode,System,Advanced,repo-backed,yes,yes,no,win-config;win-registry;decompiled-pseudocode,graphicsdrivers;pagefaultdebugmode,"Matched 2 audit token(s) across win-config, win-registry, decompiled-pseudocode. These links show where the name came from. Value semantics still come from the research record."
system.graphics-tdr-ddi-delay,Graphics: TDR DDI Delay (Default),System,Advanced,repo-backed,yes,yes,no,win-config;win-registry;decompiled-pseudocode,graphicsdrivers;tdrddidelay,"Matched 2 audit token(s) across win-config, win-registry, decompiled-pseudocode. These links show where the name came from. Value semantics still come from the research record."
system.graphics-tdr-delay,Graphics: TDR Delay (Default),System,Advanced,repo-backed,yes,yes,no,win-config;win-registry;decompiled-pseudocode,graphicsdrivers;tdrdelay,"Matched 2 audit token(s) across win-config, win-registry, decompiled-pseudocode. These links show where the name came from. Value semantics still come from the research record."
system.graphics-tdr-level,Graphics: TDR Level (Default),System,Advanced,repo-backed,yes,yes,no,win-config;win-registry;decompiled-pseudocode,graphicsdrivers;tdrlevel,"Matched 2 audit token(s) across win-config, win-registry, decompiled-pseudocode. These links show where the name came from. Value semantics still come from the research record."
system.graphics-tdr-limit-count,Graphics: TDR Limit Count (Default),System,Advanced,repo-backed,yes,yes,no,win-config;win-registry;decompiled-pseudocode,graphicsdrivers;tdrlimitcount,"Matched 2 audit token(s) across win-config, win-registry, decompiled-pseudocode. These links show where the name came from. Value semantics still come from the research record."
system.graphics-tdr-limit-time,Graphics: TDR Limit Time (Default),System,Advanced,repo-backed,yes,yes,no,win-config;win-registry;decompiled-pseudocode,graphicsdrivers;tdrlimittime,"Matched 2 audit token(s) across win-config, win-registry, decompiled-pseudocode. These links show where the name came from. Value semantics still come from the research record."
system.kernel-adjust-dpc-threshold,Kernel: Adjust DPC Threshold,System,Advanced,repo-backed,yes,yes,no,win-config;win-registry;decompiled-pseudocode,session;manager;kernel;adjustdpcthreshold,"Matched 4 audit token(s) across win-config, win-registry, decompiled-pseudocode. These links show where the name came from. Value semantics still come from the research record."
system.kernel-cache-aware-scheduling,Kernel: Cache-Aware Scheduling,System,Advanced,repo-backed,yes,yes,no,win-config;win-registry;decompiled-pseudocode,session;manager;kernel;cacheawarescheduling,"Matched 4 audit token(s) across win-config, win-registry, decompiled-pseudocode. These links show where the name came from. Value semantics still come from the research record."
system.kernel-default-dynamic-hetero-cpu-policy,Kernel: Default Dynamic Hetero CPU Policy,System,Advanced,repo-backed,yes,yes,no,win-config;win-registry;decompiled-pseudocode,session;manager;kernel;defaultdynamicheterocpupolicy,"Matched 4 audit token(s) across win-config, win-registry, decompiled-pseudocode. These links show where the name came from. Value semantics still come from the research record."
system.kernel-disable-low-qos-timer-resolution,Kernel: Disable Low QoS Timer Resolution,System,Advanced,repo-backed,yes,yes,no,win-config;win-registry;decompiled-pseudocode,session;manager;kernel;disablelowqostimerresolution,"Matched 4 audit token(s) across win-config, win-registry, decompiled-pseudocode. These links show where the name came from. Value semantics still come from the research record."
system.kernel-dpc-queue-depth,Kernel: DPC Queue Depth,System,Advanced,repo-backed,yes,yes,no,win-config;win-registry;decompiled-pseudocode,session;manager;kernel;dpcqueuedepth,"Matched 4 audit token(s) across win-config, win-registry, decompiled-pseudocode. These links show where the name came from. Value semantics still come from the research record."
system.kernel-dpc-watchdog-period,Kernel: DPC Watchdog Period,System,Advanced,repo-backed,yes,yes,no,win-config;win-registry;decompiled-pseudocode,session;manager;kernel;dpcwatchdogperiod,"Matched 4 audit token(s) across win-config, win-registry, decompiled-pseudocode. These links show where the name came from. Value semantics still come from the research record."
system.kernel-ideal-dpc-rate,Kernel: Ideal DPC Rate,System,Advanced,repo-backed,yes,yes,no,win-config;win-registry;decompiled-pseudocode,session;manager;kernel;idealdpcrate,"Matched 4 audit token(s) across win-config, win-registry, decompiled-pseudocode. These links show where the name came from. Value semantics still come from the research record."
system.kernel-minimum-dpc-rate,Kernel: Minimum DPC Rate,System,Advanced,repo-backed,yes,yes,no,win-config;win-registry;decompiled-pseudocode,session;manager;kernel;minimumdpcrate,"Matched 4 audit token(s) across win-config, win-registry, decompiled-pseudocode. These links show where the name came from. Value semantics still come from the research record."
system.kernel-serialize-timer-expiration,Kernel: Serialize Timer Expiration,System,Advanced,repo-backed,yes,yes,no,win-config;win-registry;decompiled-pseudocode,session;manager;kernel;serializetimerexpiration,"Matched 4 audit token(s) across win-config, win-registry, decompiled-pseudocode. These links show where the name came from. Value semantics still come from the research record."
system.kernel-thread-dpc-enable,Kernel: Threaded DPC Enable,System,Advanced,repo-backed,yes,yes,no,win-config;win-registry;decompiled-pseudocode,session;manager;kernel;threaddpcenable,"Matched 4 audit token(s) across win-config, win-registry, decompiled-pseudocode. These links show where the name came from. Value semantics still come from the research record."
system.memory-clear-pagefile-at-shutdown,Clear Page File at Shutdown,System,Advanced,repo-backed,yes,yes,no,win-config;decompiled-pseudocode,session;manager;memory;management,"Matched 4 audit token(s) across win-config, decompiled-pseudocode. These links show where the name came from. Value semantics still come from the research record."
system.memory-disable-paging-executive,Disable Paging Executive,System,Advanced,repo-backed,yes,yes,no,win-config;win-registry;decompiled-pseudocode,session;manager;memory;management;disablepagingexecutive,"Matched 5 audit token(s) across win-config, win-registry, decompiled-pseudocode. These links show where the name came from. Value semantics still come from the research record."
system.memory-large-system-cache-client,Memory: Use Client System Cache,System,Advanced,repo-backed,yes,yes,no,win-config;decompiled-pseudocode,session;manager;memory;management,"Matched 4 audit token(s) across win-config, decompiled-pseudocode. These links show where the name came from. Value semantics still come from the research record."
system.memory-nonpaged-pool-dynamic,Memory: Reset Non-Paged Pool Size,System,Risky,repo-backed,yes,yes,no,win-config;decompiled-pseudocode,session;manager;memory;management,"Matched 4 audit token(s) across win-config, decompiled-pseudocode. These links show where the name came from. Value semantics still come from the research record."
system.memory-paged-pool-dynamic,Memory: Reset Paged Pool Size,System,Risky,repo-backed,yes,yes,no,win-config;decompiled-pseudocode,session;manager;memory;management,"Matched 4 audit token(s) across win-config, decompiled-pseudocode. These links show where the name came from. Value semantics still come from the research record."
system.memory-registry-quota-default,Memory: Reset Registry Quota,System,Advanced,category-fallback,yes,yes,yes,win-config;decompiled-pseudocode,,"Linked to the closest upstream win-config category docs, but this tweak still needs a stronger tweak-specific upstream match before being considered fully curated."
system.ntfs-disable-8dot3,Disable 8.3 Name Creation,System,Advanced,repo-backed,yes,yes,no,win-config;decompiled-pseudocode,filesystem;ntfsdisable8dot3namecreation,"Matched 2 audit token(s) across win-config, decompiled-pseudocode. These links show where the name came from. Value semantics still come from the research record."
system.ntfs-disable-last-access,Disable Last Access Updates,System,Safe,repo-backed,yes,yes,no,win-config;decompiled-pseudocode,filesystem;ntfsdisablelastaccessupdate,"Matched 2 audit token(s) across win-config, decompiled-pseudocode. These links show where the name came from. Value semantics still come from the research record."
system.ntfs-enable-long-paths,Enable Win32 Long Paths,System,Safe,repo-backed,yes,yes,no,win-config;win-registry;decompiled-pseudocode,filesystem;longpathsenabled,"Matched 2 audit token(s) across win-config, win-registry, decompiled-pseudocode. These links show where the name came from. Value semantics still come from the research record."
system.ntfs-reset-memory-usage,Reset NTFS Memory Usage,System,Safe,repo-backed,yes,yes,no,win-config;win-registry;decompiled-pseudocode,filesystem;ntfsmemoryusage,"Matched 2 audit token(s) across win-config, win-registry, decompiled-pseudocode. These links show where the name came from. Value semantics still come from the research record."
system.ntfs-reset-mft-zone,Reset NTFS MFT Zone Reservation,System,Safe,repo-backed,yes,yes,no,win-config;win-registry;decompiled-pseudocode,filesystem;ntfsmftzonereservation,"Matched 2 audit token(s) across win-config, win-registry, decompiled-pseudocode. These links show where the name came from. Value semantics still come from the research record."
system.priority-control,Set Foreground Scheduling Priority,System,Advanced,repo-backed,yes,yes,no,win-config;decompiled-pseudocode,prioritycontrol;win32priorityseparation,"Matched 2 audit token(s) across win-config, decompiled-pseudocode. These links show where the name came from. Value semantics still come from the research record."
system.reduce-shutdown-timeouts,Reduce Shutdown Timeouts,System,Advanced,repo-backed,yes,yes,no,win-config;win-registry;decompiled-pseudocode,waittokillservicetimeout;2500;panel;desktop;waittokillapptimeout;hungapptimeout;1500;autoendtasks;1,"Matched 9 audit token(s) across win-config, win-registry, decompiled-pseudocode. These links show where the name came from. Value semantics still come from the research record."
system.services.disable-bluetooth-audio-gateway,Disable Bluetooth Audio Gateway Service,System,Unknown,category-fallback,yes,yes,yes,win-config;decompiled-pseudocode,,"Linked to the closest upstream win-config category docs, but this tweak still needs a stronger tweak-specific upstream match before being considered fully curated."
system.services.disable-bluetooth-support,Disable Bluetooth Support Service,System,Unknown,category-fallback,yes,yes,yes,win-config;decompiled-pseudocode,,"Linked to the closest upstream win-config category docs, but this tweak still needs a stronger tweak-specific upstream match before being considered fully curated."
system.services.disable-bluetooth-user-service,Disable Bluetooth User Service,System,Unknown,category-fallback,yes,yes,yes,win-config;decompiled-pseudocode,,"Linked to the closest upstream win-config category docs, but this tweak still needs a stronger tweak-specific upstream match before being considered fully curated."
system.services.disable-connected-user-experiences,Disable Connected User Experiences Service,System,Unknown,category-fallback,yes,yes,yes,win-config;decompiled-pseudocode,,"Linked to the closest upstream win-config category docs, but this tweak still needs a stronger tweak-specific upstream match before being considered fully curated."
system.services.disable-print-device-configuration,Disable Print Device Configuration Service,System,Unknown,category-fallback,yes,yes,yes,win-config;decompiled-pseudocode,,"Linked to the closest upstream win-config category docs, but this tweak still needs a stronger tweak-specific upstream match before being considered fully curated."
system.services.disable-print-notifications,Disable Print Notification Service,System,Unknown,category-fallback,yes,yes,yes,win-config;decompiled-pseudocode,,"Linked to the closest upstream win-config category docs, but this tweak still needs a stronger tweak-specific upstream match before being considered fully curated."
system.services.disable-print-scan-broker,Disable Print Scan Broker Service,System,Unknown,category-fallback,yes,yes,yes,win-config;decompiled-pseudocode,,"Linked to the closest upstream win-config category docs, but this tweak still needs a stronger tweak-specific upstream match before being considered fully curated."
system.services.disable-print-spooler,Disable Print Spooler Service,System,Unknown,category-fallback,yes,yes,yes,win-config;decompiled-pseudocode,,"Linked to the closest upstream win-config category docs, but this tweak still needs a stronger tweak-specific upstream match before being considered fully curated."
system.services.disable-print-workflow-user-service,Disable Print Workflow User Service,System,Unknown,category-fallback,yes,yes,yes,win-config;decompiled-pseudocode,,"Linked to the closest upstream win-config category docs, but this tweak still needs a stronger tweak-specific upstream match before being considered fully curated."
system.services.disable-sysmain,Disable SysMain Service,System,Unknown,category-fallback,yes,yes,yes,win-config;decompiled-pseudocode,,"Linked to the closest upstream win-config category docs, but this tweak still needs a stronger tweak-specific upstream match before being considered fully curated."
system.services.disable-wap-push-routing,Disable WAP Push Routing Service,System,Unknown,category-fallback,yes,yes,yes,win-config;decompiled-pseudocode,,"Linked to the closest upstream win-config category docs, but this tweak still needs a stronger tweak-specific upstream match before being considered fully curated."
system.services.disable-windows-error-reporting,Disable Windows Error Reporting Service,System,Unknown,category-fallback,yes,yes,yes,win-config;decompiled-pseudocode,,"Linked to the closest upstream win-config category docs, but this tweak still needs a stronger tweak-specific upstream match before being considered fully curated."
system.services.disable-windows-search,Disable Windows Search Service,System,Unknown,repo-backed,yes,yes,no,win-config;decompiled-pseudocode,disable windows search service,"Matched 1 audit token(s) across win-config, decompiled-pseudocode. These links show where the name came from. Value semantics still come from the research record."
system.verbose-status-messages,Enable Verbose Status Messages,System,Safe,repo-backed,yes,yes,no,win-config;decompiled-pseudocode,policies;verbosestatus,"Matched 2 audit token(s) across win-config, decompiled-pseudocode. These links show where the name came from. Value semantics still come from the research record."
visibility.default-account-picture,Use Default Account Picture,Visibility,Advanced,repo-backed,yes,no,no,win-config;win-registry,policies;explorer;usedefaulttile,"Matched 3 audit token(s) across win-config, win-registry. These links show where the name came from. Value semantics still come from the research record."
visibility.disable-acrylic-logon,Disable Acrylic Logon Background,Visibility,Advanced,repo-backed,yes,no,no,win-config;win-registry,policies;disableacrylicbackgroundonlogon,"Matched 2 audit token(s) across win-config, win-registry. These links show where the name came from. Value semantics still come from the research record."
visibility.disable-common-control-animations,Disable Common Control Animations,Visibility,Safe,repo-backed,yes,no,no,win-config;win-registry,policies;explorer;turnoffspianimations,"Matched 3 audit token(s) across win-config, win-registry. These links show where the name came from. Value semantics still come from the research record."
visibility.disable-first-signin-animation,Disable First Sign-In Animation,Visibility,Advanced,repo-backed,yes,no,no,win-config,policies;enablefirstlogonanimation,Matched 2 audit token(s) across win-config. These links show where the name came from. Value semantics still come from the research record.
visibility.disable-lock-screen,Disable Lock Screen,Visibility,Advanced,repo-backed,yes,no,no,win-config,policies;personalization;nolockscreen,Matched 3 audit token(s) across win-config. These links show where the name came from. Value semantics still come from the research record.
visibility.disable-lock-screen-camera,Disable Lock Screen Camera,Visibility,Advanced,repo-backed,yes,no,no,win-config,policies;personalization;nolockscreencamera,Matched 3 audit token(s) across win-config. These links show where the name came from. Value semantics still come from the research record.
visibility.disable-lock-screen-changes,Prevent Changing Lock Screen,Visibility,Advanced,repo-backed,yes,no,no,win-config,policies;personalization;nochanginglockscreen,Matched 3 audit token(s) across win-config. These links show where the name came from. Value semantics still come from the research record.
visibility.disable-lock-screen-motion,Disable Lock Screen Background Motion,Visibility,Advanced,repo-backed,yes,no,no,win-config,policies;personalization;animatelockscreenbackground,Matched 3 audit token(s) across win-config. These links show where the name came from. Value semantics still come from the research record.
visibility.disable-lock-screen-slideshow,Disable Lock Screen Slideshow,Visibility,Advanced,repo-backed,yes,no,no,win-config,policies;personalization;nolockscreenslideshow,Matched 3 audit token(s) across win-config. These links show where the name came from. Value semantics still come from the research record.
visibility.disable-spotlight-action-center,Disable Windows Spotlight on Action Center,Visibility,Safe,repo-backed,yes,no,no,win-config,policies;cloudcontent;disablewindowsspotlightonactioncenter,Matched 3 audit token(s) across win-config. These links show where the name came from. Value semantics still come from the research record.
visibility.disable-spotlight-desktop-collection,Disable Spotlight Collection on Desktop,Visibility,Safe,repo-backed,yes,no,no,win-config,policies;cloudcontent;disablespotlightcollectionondesktop,Matched 3 audit token(s) across win-config. These links show where the name came from. Value semantics still come from the research record.
visibility.disable-spotlight-features,Disable Windows Spotlight Features,Visibility,Safe,repo-backed,yes,no,no,win-config,policies;cloudcontent;disablewindowsspotlightfeatures,Matched 3 audit token(s) across win-config. These links show where the name came from. Value semantics still come from the research record.
visibility.disable-spotlight-settings,Disable Windows Spotlight on Settings,Visibility,Safe,repo-backed,yes,no,no,win-config,policies;cloudcontent;disablewindowsspotlightonsettings,Matched 3 audit token(s) across win-config. These links show where the name came from. Value semantics still come from the research record.
visibility.disable-spotlight-third-party,Disable Spotlight Third-Party Suggestions,Visibility,Safe,repo-backed,yes,no,no,win-config,policies;cloudcontent;disablethirdpartysuggestions,Matched 3 audit token(s) across win-config. These links show where the name came from. Value semantics still come from the research record.
visibility.disable-spotlight-welcome,Disable Windows Spotlight Welcome Experience,Visibility,Safe,repo-backed,yes,no,no,win-config,policies;cloudcontent;disablewindowsspotlightwindowswelcomeexperience,Matched 3 audit token(s) across win-config. These links show where the name came from. Value semantics still come from the research record.
visibility.disable-wcn-wizards,Disable Windows Connect Now Wizards,Visibility,Advanced,repo-backed,yes,no,no,win-config,policies;disablewcnui,Matched 2 audit token(s) across win-config. These links show where the name came from. Value semantics still come from the research record.
visibility.disable-widgets,Disable Widgets (Policy),Visibility,Advanced,repo-backed,yes,no,no,win-config,policies;allownewsandinterests,Matched 2 audit token(s) across win-config. These links show where the name came from. Value semantics still come from the research record.
visibility.disable-window-animations,Disable Window Animations,Visibility,Advanced,repo-backed,yes,no,no,win-config;win-registry,policies;disallowanimations,"Matched 2 audit token(s) across win-config, win-registry. These links show where the name came from. Value semantics still come from the research record."
visibility.force-classic-control-panel,Force Classic Control Panel View,Visibility,Safe,repo-backed,yes,no,no,win-config,policies;explorer;forceclassiccontrolpanel,Matched 3 audit token(s) across win-config. These links show where the name came from. Value semantics still come from the research record.
visibility.hide-language-bar,Hide Language Bar,Visibility,Safe,repo-backed,yes,no,no,win-config,langbar;showstatus,Matched 2 audit token(s) across win-config. These links show where the name came from. Value semantics still come from the research record.
visibility.hide-most-used-apps,Hide Most Used Apps,Visibility,Advanced,repo-backed,yes,no,no,win-config,policies;explorer;showorhidemostusedapps,Matched 3 audit token(s) across win-config. These links show where the name came from. Value semantics still come from the research record.
visibility.hide-people-bar,Hide People Bar,Visibility,Advanced,repo-backed,yes,no,no,win-config,policies;explorer;hidepeoplebar,Matched 3 audit token(s) across win-config. These links show where the name came from. Value semantics still come from the research record.
visibility.restore-classic-context-menu,Restore Classic Context Menu,Visibility,Safe,repo-backed,yes,no,no,win-config;win-registry,classes;clsid;inprocserver32,"Matched 3 audit token(s) across win-config, win-registry. These links show where the name came from. Value semantics still come from the research record."
